Date,All Items,Food at Home,Cereals Bakery,Fruits Veg,Nonalc Bev,Dairy,Food Away Home,Energy,Gasoline,Electricity,Utility Gas,Less Food Energy,Shelter,Apparel,Medical Care,Food Bev,Meats Poultry Fish Eggs,Other Food at Home,Housing,Wages,Full Service Meals,Limited Service Meals,Recreation,Education,Communication,Physicians Services,Prescription Drugs,Transportation,New Vehicles,Used Cars Trucks,Hospital Services
2006-01-01,198.3,193.4,210.6,258.5,147.2,183.7,196.6,189.5,198.2,162.2,264.1,202.6,226.8,114.9,329.5,194.5,185.8,169.1,200.0,,123.6,124.6,109.9,158.3,84.5,288.5,357.6,175.9,139.3,139.3,166.7
2006-02-01,198.7,192.6,210.3,253.4,147.3,183.4,197.2,186.4,197.0,162.9,241.5,203.6,228.3,116.6,332.1,194.4,185.4,169.1,200.5,,124.2,124.8,110.2,158.4,84.5,289.8,359.9,175.8,139.3,139.5,169.3
2006-03-01,199.8,192.3,210.9,248.5,148.0,183.0,197.6,188.6,204.7,163.1,229.5,204.9,229.9,122.0,333.8,194.5,185.9,169.2,201.3,20.04,124.5,125.0,110.6,158.4,84.4,291.4,361.5,177.4,138.8,140.0,170.4
2006-04-01,201.5,191.5,210.9,246.6,146.3,181.3,198.0,201.4,234.4,163.3,220.4,205.5,230.7,123.4,334.7,194.2,185.5,168.8,201.7,20.17,124.9,125.2,111.1,158.6,84.5,291.4,362.7,184.1,138.4,140.4,170.9
2006-05-01,202.5,191.9,211.9,248.0,146.6,181.0,198.7,209.3,249.8,165.6,218.0,205.7,231.2,122.4,335.6,194.7,184.7,170.0,202.2,20.13,125.4,125.6,111.2,158.9,84.2,291.7,364.2,187.6,137.7,140.9,171.4
2006-06-01,202.9,192.2,212.8,248.0,146.6,179.6,199.2,211.3,247.3,178.1,208.4,205.9,232.2,118.9,336.0,195.1,186.0,170.0,203.7,20.22,125.7,125.9,111.2,159.5,84.3,291.7,365.2,187.3,137.2,141.5,172.0
2006-07-01,203.5,192.6,214.6,249.1,146.3,180.8,199.7,215.1,254.6,178.8,208.9,206.2,233.6,113.8,337.0,195.6,185.1,171.0,204.7,20.29,126.1,126.2,111.3,160.3,84.3,292.1,366.1,189.0,136.9,142.1,172.6
2006-08-01,203.9,193.1,214.6,249.2,146.9,180.0,200.2,214.7,253.2,178.7,210.1,206.7,234.2,116.1,337.7,196.0,187.1,170.6,205.1,20.32,126.3,126.5,111.3,163.9,84.3,292.5,367.2,188.5,136.4,142.4,173.3
2006-09-01,202.9,194.1,213.6,258.2,147.5,179.9,200.5,199.1,219.0,178.8,213.8,207.2,233.9,121.7,338.3,196.7,188.0,169.8,205.0,20.4,126.4,126.6,111.1,166.6,84.2,292.5,368.4,180.6,136.3,141.0,173.6
2006-10-01,201.8,195.1,214.6,261.6,148.3,182.0,201.1,181.3,192.7,169.3,198.3,207.8,234.8,123.3,339.3,197.5,188.1,170.1,204.4,20.42,127.0,126.8,111.2,167.1,84.0,293.2,367.7,174.8,136.8,139.3,174.3
2006-11-01,201.5,194.3,214.5,256.8,148.9,180.6,201.6,180.4,190.3,164.4,214.8,207.6,234.9,121.7,340.1,197.2,188.4,169.2,204.5,20.49,127.1,127.3,111.2,167.4,83.3,293.7,364.5,173.9,136.8,137.3,175.7
2006-12-01,201.8,194.3,214.8,257.2,148.5,181.0,202.2,185.2,198.1,164.8,221.3,207.3,235.1,118.6,340.1,197.4,188.6,168.7,204.8,20.58,127.5,127.7,110.8,167.6,83.1,294.3,362.3,175.4,137.1,136.2,175.4
2007-01-01,202.416,196.671,216.276,262.949,151.127,183.453,203.171,183.567,192.806,168.903,217.428,208.009,236.504,115.988,343.51,199.198,189.609,170.878,206.057,20.59,128.128,128.244,111.012,167.624,82.778,297.751,367.072,174.463,137.603,135.257,177.293
2007-02-01,203.499,198.193,219.041,268.565,151.716,183.779,203.909,184.451,194.282,168.87,218.173,209.112,237.972,119.017,346.457,200.402,190.491,171.483,207.177,20.68,128.504,128.781,111.174,167.927,82.845,301.56,366.558,174.799,137.34,134.597,179.436
2007-03-01,205.352,198.766,218.458,263.91,153.894,185.724,204.082,196.929,219.473,169.346,222.221,209.923,238.98,122.582,347.172,200.869,192.508,171.819,208.08,20.72,128.725,128.843,111.244,168.114,83.122,301.974,365.078,180.346,137.228,134.382,180.282
2007-04-01,206.686,199.02,220.494,261.967,151.799,185.821,204.725,207.265,241.897,169.385,220.779,210.311,239.735,122.934,348.225,201.292,193.665,172.633,208.541,20.79,128.949,129.316,111.481,168.152,83.203,302.068,366.838,185.231,136.963,134.363,180.98
2007-05-01,207.949,200.334,220.939,264.71,152.869,187.266,205.233,219.071,264.83,172.342,221.801,210.316,239.877,121.452,349.087,202.225,195.886,172.657,208.902,20.84,129.252,129.702,111.659,168.403,83.772,302.32,366.952,189.961,136.295,134.481,181.708
2007-06-01,208.352,200.95,222.605,258.337,153.104,191.435,205.934,221.088,259.686,184.194,223.313,210.474,240.98,117.225,349.51,202.885,197.175,173.79,210.649,20.95,129.921,130.016,111.563,168.601,83.594,302.643,366.782,189.064,135.82,135.067,182.007
2007-07-01,208.299,201.401,223.297,254.616,153.384,197.899,206.931,217.274,251.883,184.408,219.865,210.756,242.067,113.5,351.643,203.533,196.69,174.44,211.286,20.94,130.47,130.662,111.347,169.49,83.553,303.89,369.39,187.69,135.415,136.024,183.677
2007-08-01,207.917,202.126,223.981,252.845,154.791,201.739,207.756,209.294,237.108,184.081,211.181,211.111,242.238,114.439,352.961,204.289,197.204,174.686,211.098,21.0,130.851,131.255,111.139,172.873,83.655,304.457,370.721,184.48,135.204,137.138,184.293
2007-09-01,208.49,203.193,223.372,259.1,155.007,203.541,208.805,209.637,237.993,184.365,208.211,211.628,241.99,119.535,353.723,205.279,198.323,174.201,210.865,21.04,131.349,131.944,111.4,175.486,83.69,304.498,370.972,184.532,134.927,137.142,185.498
2007-10-01,208.936,204.333,224.691,263.648,155.545,205.319,209.275,207.588,237.819,177.244,209.993,212.318,242.405,121.846,355.653,206.124,198.474,174.695,210.701,21.06,131.659,132.362,111.753,176.339,83.659,305.749,371.856,184.952,135.344,136.95,187.729
2007-11-01,210.177,204.745,225.668,268.407,154.299,205.959,209.854,219.009,260.943,173.406,218.791,212.435,242.207,121.204,357.041,206.563,198.616,173.963,210.745,21.12,132.217,132.548,111.842,176.717,83.25,305.691,373.28,190.677,136.25,136.616,189.797
2007-12-01,210.036,205.208,226.461,272.482,153.648,205.299,210.233,217.506,256.79,173.357,220.496,212.356,242.372,118.257,357.661,206.936,198.755,174.057,210.933,21.16,132.413,132.959,111.705,176.927,83.282,306.304,374.389,189.984,136.664,136.943,189.908
2008-01-01,211.08,207.983,228.661,279.072,157.863,206.905,211.07,219.465,259.338,175.219,220.065,213.138,243.871,115.795,360.459,208.837,200.035,176.085,212.244,21.19,132.872,133.567,112.083,177.44,83.396,308.145,377.828,190.839,136.827,137.203,192.878
2008-02-01,211.693,208.329,233.389,272.129,157.805,208.166,211.878,219.311,257.845,174.606,225.808,213.866,244.786,117.839,362.155,209.462,199.688,177.863,213.026,21.27,133.397,133.963,112.365,177.46,83.391,307.774,379.31,190.52,136.279,137.248,194.818
2008-03-01,213.528,208.203,236.261,268.446,158.089,206.171,212.537,230.505,276.497,175.639,233.931,214.866,245.995,120.881,363.0,209.692,199.775,178.238,214.389,21.36,133.772,134.475,112.731,177.407,83.502,308.424,380.407,195.189,135.727,137.225,195.206
2008-04-01,214.823,210.851,240.034,272.746,159.73,207.68,213.083,240.194,291.91,177.818,244.862,215.059,246.004,122.113,363.184,211.365,200.77,181.806,214.89,21.38,134.155,134.816,112.874,177.754,83.67,308.488,379.612,198.608,135.175,136.787,195.688
2008-05-01,216.632,211.863,244.192,276.481,158.336,207.778,213.967,257.106,319.787,182.26,258.374,215.18,246.069,120.752,363.396,212.251,200.96,182.68,215.809,21.47,134.584,135.513,112.987,177.994,83.929,310.776,377.144,205.262,134.669,136.325,196.032
2008-06-01,218.815,213.171,245.758,277.957,158.32,209.117,215.015,275.621,344.981,194.434,271.234,215.553,247.083,117.019,363.616,213.383,202.914,183.804,217.941,21.52,135.282,136.234,112.991,178.385,84.394,311.037,377.429,211.787,134.516,135.98,196.199
2008-07-01,219.964,215.785,250.321,280.209,159.346,213.981,216.376,280.833,347.357,199.068,291.713,216.045,248.075,114.357,363.963,215.326,205.075,185.725,219.61,21.6,135.908,137.371,113.277,179.229,84.84,311.27,376.813,212.806,134.397,135.84,196.973
2008-08-01,219.086,217.259,250.08,283.296,160.055,214.748,217.063,266.283,321.511,200.795,272.982,216.476,247.985,116.376,364.477,216.419,207.488,186.991,219.148,21.7,136.129,137.887,113.786,183.184,84.701,312.788,376.385,206.739,133.404,135.405,197.786
2008-09-01,218.783,218.629,250.924,285.986,161.499,213.533,218.225,258.02,313.535,198.579,247.788,216.862,247.737,121.168,365.036,217.672,209.937,187.944,218.184,21.73,136.695,138.668,114.032,186.148,84.524,313.592,377.094,203.861,132.399,132.916,198.693
2008-10-01,216.573,219.66,252.832,285.484,163.727,212.733,219.29,231.561,266.382,191.513,239.218,217.023,247.844,122.243,365.746,218.705,210.706,189.348,217.383,21.76,137.249,139.465,114.169,186.669,84.535,314.041,377.956,192.709,132.264,129.733,199.984
2008-11-01,212.425,219.086,252.723,283.677,163.015,213.102,220.043,189.938,184.235,187.473,235.114,216.69,247.463,121.262,366.613,218.752,209.602,189.301,216.467,21.86,137.402,140.28,114.078,186.733,84.601,314.53,379.491,173.644,132.359,126.869,200.923
2008-12-01,210.228,218.683,253.063,281.706,162.75,210.838,220.684,171.158,146.102,188.342,232.548,216.1,247.085,117.078,367.133,218.839,208.89,190.203,216.073,21.95,137.62,140.918,113.674,186.916,84.737,315.233,379.943,164.628,132.308,125.883,201.053
2009-01-01,211.143,219.744,254.445,282.601,164.882,209.632,221.319,174.622,154.488,190.471,227.0,216.719,248.292,114.764,369.83,219.729,208.616,192.492,216.928,21.96,137.978,141.506,113.822,187.175,84.928,316.744,383.28,166.738,133.273,124.863,203.957
2009-02-01,212.193,218.389,254.187,278.721,164.213,204.537,221.968,178.741,166.118,190.645,218.459,217.685,248.878,118.825,372.405,219.333,207.963,192.404,217.18,21.98,138.352,141.898,114.461,187.256,84.945,317.758,386.456,169.542,134.186,122.837,206.845
2009-03-01,212.709,217.11,253.698,274.759,165.656,199.687,222.216,177.454,167.826,190.065,207.179,218.639,249.597,122.545,373.189,218.794,206.348,192.234,217.374,22.05,138.57,142.025,114.625,187.298,84.922,318.873,386.859,169.647,134.611,121.061,207.925
2009-04-01,213.24,215.783,252.709,274.297,162.889,197.124,222.905,179.704,176.704,189.007,193.534,219.143,249.855,123.208,374.17,218.364,205.699,191.352,217.126,22.1,139.169,142.26,114.261,187.416,84.985,318.722,388.711,171.987,134.863,121.213,209.412
2009-05-01,213.856,215.088,252.714,274.006,162.803,196.055,223.023,186.909,193.727,191.066,182.464,219.128,249.779,121.751,375.026,218.076,203.789,191.144,216.971,22.12,139.21,142.403,114.264,187.853,85.049,320.955,390.221,175.997,135.162,122.65,209.11
2009-06-01,215.693,214.824,253.008,272.608,162.571,194.197,223.163,205.408,225.526,199.924,183.979,219.283,250.243,118.799,375.093,218.03,204.031,191.328,218.071,22.14,139.329,142.696,114.643,188.179,84.975,321.181,390.558,183.735,135.719,124.323,209.277
2009-07-01,215.351,213.815,253.391,270.94,162.069,193.118,223.345,201.938,217.945,199.251,186.191,219.35,250.31,115.62,375.739,217.608,201.743,190.967,218.085,22.18,139.379,142.739,114.619,189.184,85.056,321.898,390.563,182.798,136.055,125.061,210.92
2009-08-01,215.834,213.722,252.382,267.309,162.953,192.381,223.675,204.971,225.179,198.36,183.632,219.596,250.248,117.13,376.537,217.701,202.911,191.317,217.827,22.23,139.432,142.942,114.755,193.161,84.913,322.34,392.799,184.386,134.08,128.028,211.644
2009-09-01,215.969,213.227,251.231,267.609,162.911,193.353,224.003,202.243,220.542,198.286,178.424,220.137,249.501,122.476,377.727,217.617,201.755,190.571,217.178,22.27,139.589,143.154,114.629,195.595,85.044,322.582,394.707,183.932,134.576,129.369,212.848
2009-10-01,216.177,213.605,251.421,269.467,162.885,195.36,224.224,199.198,218.683,190.376,181.922,220.731,249.474,123.998,378.552,217.957,200.597,191.266,216.612,22.31,139.667,143.168,114.157,195.849,85.055,322.912,395.759,185.362,137.268,132.689,213.882
2009-11-01,216.33,212.816,250.6,269.832,161.358,193.914,224.633,204.026,227.665,187.708,191.324,220.384,248.211,122.465,379.575,217.733,201.202,189.64,215.808,22.34,139.886,143.491,113.82,195.649,84.768,322.883,396.216,188.587,138.831,134.173,216.384
2009-12-01,215.949,213.359,251.019,273.189,161.216,194.792,224.789,202.301,224.26,187.388,190.497,220.025,247.863,119.357,379.516,218.049,201.003,189.921,215.523,22.37,140.112,143.407,113.212,195.672,84.809,323.124,396.526,188.318,138.857,137.406,216.57
2010-01-01,216.687,215.404,250.725,279.119,163.684,198.949,224.916,208.026,233.727,186.903,199.199,220.086,247.95,116.678,382.688,219.223,201.87,190.994,215.925,22.4,140.249,143.326,113.31,195.85,84.974,327.176,400.498,190.512,138.743,139.174,219.34
2010-02-01,216.741,215.118,251.361,274.963,162.775,198.8,225.081,204.455,227.198,185.448,200.12,220.602,248.001,118.869,385.907,219.14,202.343,191.572,215.841,22.46,140.432,143.201,113.345,196.137,84.905,329.028,404.09,189.577,138.851,140.218,223.614
2010-03-01,217.631,215.623,250.93,280.431,162.666,198.814,224.991,209.999,237.356,189.061,195.832,221.059,248.052,122.073,387.142,219.378,202.812,190.991,216.023,22.46,140.36,143.13,113.339,196.47,84.94,329.087,405.763,192.13,138.6,140.797,225.822
2010-04-01,218.009,215.737,250.425,279.272,162.128,197.308,225.276,212.977,244.347,190.21,188.014,221.166,248.031,122.143,387.703,219.536,205.178,191.017,215.798,22.49,140.513,143.361,113.781,196.798,84.947,329.623,406.618,193.994,138.174,141.315,226.133
2010-05-01,218.178,215.793,251.269,277.887,160.982,197.749,225.573,214.363,246.08,192.416,186.595,221.193,248.1,121.006,387.762,219.693,205.679,191.461,215.981,22.51,140.801,143.482,113.684,196.917,84.809,329.724,407.11,194.761,137.75,142.537,226.186
2010-06-01,217.965,215.361,250.26,271.907,160.361,197.947,225.797,211.66,234.214,200.767,187.442,221.265,248.47,118.319,388.199,219.562,208.171,191.001,216.778,22.53,140.983,143.626,113.802,197.284,84.657,330.915,407.562,192.651,137.503,144.399,226.579
2010-07-01,218.011,215.256,250.172,265.967,161.121,198.991,225.71,212.372,234.091,201.914,192.003,221.258,248.677,115.248,387.898,219.539,208.989,191.529,217.076,22.59,141.049,143.826,113.689,198.206,84.703,332.479,407.058,193.038,137.323,146.379,225.552
2010-08-01,218.312,215.382,249.736,265.914,161.764,198.712,226.422,212.663,235.11,201.624,190.655,221.551,248.595,116.667,388.467,219.877,208.854,192.026,216.976,22.62,141.325,144.12,113.521,201.476,84.699,332.836,409.1,193.454,137.119,147.909,226.2
2010-09-01,218.439,216.161,250.085,268.832,161.771,199.042,227.075,210.003,231.819,200.405,183.759,221.907,248.522,121.011,390.616,220.586,211.28,191.289,216.602,22.67,141.534,144.263,113.12,203.353,84.665,333.715,410.289,192.412,137.365,146.065,230.085
2010-10-01,218.711,216.698,249.89,270.2,161.313,201.291,227.287,210.947,239.527,191.481,185.293,222.079,248.646,122.454,391.24,221.005,212.17,191.311,216.1,22.73,141.694,144.595,112.984,203.071,84.531,333.394,410.944,194.283,137.849,144.04,231.961
2010-11-01,218.803,216.538,249.944,269.917,161.427,201.277,227.512,211.97,244.345,188.198,182.12,222.077,248.738,121.498,391.66,220.991,212.957,190.152,215.83,22.73,141.862,144.631,112.839,203.139,84.423,333.869,412.069,195.659,138.222,142.25,232.298
2010-12-01,219.179,216.955,250.592,277.089,159.229,202.056,227.722,217.953,255.319,188.711,185.106,221.795,248.972,118.071,391.946,221.278,212.019,190.147,216.142,22.76,141.962,144.795,112.345,203.343,83.913,334.112,412.786,198.28,138.567,142.454,232.953
2011-01-01,220.223,220.016,253.349,285.619,164.019,202.349,228.181,223.266,264.979,189.166,186.351,222.177,249.462,116.664,393.858,223.16,214.344,191.468,216.739,22.87,142.328,145.104,112.638,204.057,83.783,335.625,416.266,200.835,138.925,142.555,234.791
2011-02-01,221.309,221.241,254.238,286.766,163.734,203.51,228.606,226.86,270.822,189.539,188.289,223.011,249.886,118.369,397.065,224.039,216.175,193.055,217.259,22.87,142.666,145.195,113.183,204.153,83.779,339.054,420.329,203.037,140.158,142.937,237.904
2011-03-01,223.467,223.43,255.482,290.279,165.038,206.161,229.282,242.516,302.574,191.028,185.11,223.69,250.31,121.286,397.726,225.479,218.808,194.747,217.707,22.87,143.31,145.474,113.261,204.251,83.73,339.532,422.168,211.014,140.86,144.072,238.223
2011-04-01,224.906,224.233,255.956,286.501,166.086,209.707,230.082,253.495,325.282,191.323,185.197,224.118,250.447,122.226,398.813,226.248,220.747,195.239,217.901,22.91,143.641,146.26,113.368,204.316,83.655,339.427,424.264,216.867,141.462,145.968,239.453
2011-05-01,225.964,225.356,259.14,284.174,165.862,211.327,230.501,260.376,336.999,195.838,184.327,224.534,250.745,122.271,399.375,227.082,223.227,196.161,218.484,22.97,143.917,146.549,113.659,204.668,83.466,339.534,425.189,220.27,142.494,148.361,240.334
2011-06-01,225.722,225.588,260.563,280.721,166.197,212.286,231.097,254.17,317.543,203.836,185.94,224.891,251.422,120.578,399.552,227.451,223.105,197.27,219.553,23.0,144.296,147.126,113.654,204.821,83.367,340.011,424.761,216.88,143.054,151.776,240.395
2011-07-01,225.922,226.891,260.921,282.018,167.802,214.781,231.58,252.661,312.76,205.963,186.719,225.164,252.155,118.77,400.305,228.323,224.394,198.152,220.23,23.11,144.513,147.484,113.492,206.158,83.211,340.585,425.604,216.164,142.763,154.184,241.251
2011-08-01,226.545,228.354,262.97,282.579,168.268,216.72,232.513,251.706,311.269,205.362,186.808,225.874,252.546,121.547,400.874,229.49,225.651,200.054,220.506,23.06,144.883,147.736,113.592,210.266,83.077,341.141,426.775,216.057,142.327,155.823,242.032
2011-09-01,226.889,229.739,264.135,286.865,168.213,219.381,233.032,250.48,309.018,205.812,184.144,226.289,252.647,125.272,401.605,230.448,227.194,200.347,220.54,23.11,145.266,147.839,113.44,212.348,83.017,341.041,427.585,215.198,142.334,153.586,242.615
2011-10-01,226.421,230.196,265.433,284.269,169.137,219.493,233.459,240.902,295.877,197.003,181.22,226.743,253.101,127.59,403.43,230.885,227.853,201.315,220.138,23.18,145.681,148.207,113.27,212.68,83.049,342.266,428.294,212.127,142.535,151.494,244.592
2011-11-01,226.23,229.38,265.552,282.605,168.606,218.767,234.046,238.177,292.486,193.193,179.708,226.859,253.312,127.285,404.858,230.656,227.583,199.924,219.969,23.19,145.888,148.89,113.232,212.751,83.016,342.435,428.718,211.358,142.736,149.23,246.587
2011-12-01,225.672,229.982,265.997,283.55,168.52,218.458,234.435,232.3,280.713,192.777,178.193,226.74,253.716,123.47,405.629,231.13,228.853,200.566,220.193,23.22,146.057,149.265,113.499,212.745,82.99,342.966,429.817,208.585,142.953,148.14,246.377
2012-01-01,226.665,231.694,266.677,285.437,170.454,220.492,235.268,236.942,290.762,193.612,176.044,227.237,254.409,122.105,408.056,232.559,229.809,202.756,220.805,23.26,146.57,149.622,114.183,213.067,83.28,343.657,433.577,210.799,143.438,147.143,248.41
2012-02-01,227.663,231.18,267.821,281.072,169.758,219.377,235.603,242.663,305.076,193.183,169.753,227.865,254.931,123.312,410.466,232.453,228.61,204.001,221.117,23.28,146.856,149.823,114.333,213.039,83.446,343.564,438.453,214.429,144.326,147.011,250.56
2012-03-01,229.392,231.383,267.101,279.057,169.513,219.131,236.073,253.599,329.78,192.148,168.196,228.735,255.609,127.258,411.498,232.708,230.485,204.574,221.487,23.36,147.138,150.251,114.675,213.132,83.456,343.867,439.761,220.842,144.35,148.677,250.638
2012-04-01,230.085,231.711,268.014,281.648,169.191,216.918,236.695,255.736,335.742,192.472,163.692,229.303,256.031,128.485,412.48,233.116,230.967,204.864,221.682,23.39,147.426,150.846,114.656,213.13,83.515,344.151,439.784,223.083,144.522,151.087,251.819
2012-05-01,229.815,231.518,268.653,283.149,167.866,216.096,237.262,250.306,323.604,196.159,156.863,229.602,256.442,127.688,413.655,233.257,229.351,205.554,221.971,23.41,147.71,151.355,114.689,213.499,83.606,345.118,439.14,220.768,144.401,153.565,252.476
2012-06-01,229.478,231.515,267.321,283.679,167.772,215.485,237.839,244.167,303.747,204.907,160.714,229.879,256.95,125.241,415.345,233.509,230.464,205.313,223.051,23.46,148.161,151.902,115.08,213.6,83.555,347.408,439.459,216.369,144.367,155.306,254.248
2012-07-01,229.104,231.306,268.449,280.173,167.375,214.434,238.337,239.972,295.498,203.318,162.972,229.893,257.409,122.3,416.759,233.557,231.309,205.508,223.316,23.49,148.389,152.398,114.944,215.156,83.117,348.828,442.115,214.294,143.953,155.815,254.982
2012-08-01,230.379,231.708,267.794,280.672,167.622,214.549,239.057,250.306,316.859,202.87,165.953,230.196,257.843,123.568,417.123,234.017,232.475,205.864,223.699,23.48,148.713,152.673,114.929,218.286,82.605,349.608,443.869,219.11,143.749,154.851,253.38
2012-09-01,231.407,231.615,266.655,282.092,168.82,215.311,239.565,256.332,329.898,202.628,164.528,230.78,258.252,128.63,418.039,234.172,231.555,205.266,223.901,23.57,148.939,152.85,114.963,220.524,82.533,350.865,443.528,221.745,143.725,151.118,254.738
2012-10-01,231.317,232.456,267.828,284.065,168.479,217.083,239.742,250.523,322.934,194.544,165.966,231.276,258.829,131.359,418.359,234.718,232.917,205.267,223.708,23.56,149.035,152.966,114.774,220.83,82.577,350.415,443.606,220.232,144.011,148.293,255.477
2012-11-01,230.221,232.295,267.817,284.367,168.222,218.921,240.038,238.946,298.131,191.837,171.243,231.263,258.999,129.573,418.653,234.742,232.303,204.531,223.814,23.63,149.186,153.147,114.763,220.856,82.532,350.277,440.591,214.525,144.762,145.862,257.537
2012-12-01,229.601,232.901,268.057,288.516,168.204,219.443,240.359,233.473,285.606,191.879,173.098,231.033,259.298,125.656,418.654,235.23,232.262,204.626,224.032,23.72,149.583,153.136,114.442,220.818,82.496,349.91,437.905,211.853,145.181,145.234,258.486
2013-01-01,230.28,234.24,269.078,293.714,169.593,220.319,240.713,234.624,286.417,194.525,171.597,231.612,260.039,124.687,420.687,236.183,232.461,205.387,224.79,23.74,149.916,153.178,114.816,221.822,82.774,351.25,440.579,212.299,145.871,145.26,260.035
2013-02-01,232.166,234.033,269.304,293.742,168.977,219.526,240.93,248.146,315.243,194.739,171.888,232.432,260.72,126.303,423.221,236.23,233.041,204.763,225.382,23.78,150.205,153.119,115.35,221.742,83.149,352.266,441.776,219.491,145.925,146.718,264.071
2013-03-01,232.773,233.777,269.504,291.284,168.736,218.123,241.409,249.565,319.523,193.856,171.248,233.052,261.33,128.279,424.154,236.267,233.294,205.264,225.643,23.8,150.518,153.363,115.386,221.861,83.235,352.575,442.912,221.08,145.989,148.753,264.586
2013-04-01,232.531,234.082,271.388,287.545,168.812,218.141,242.236,244.757,307.814,194.553,176.159,233.236,261.655,128.861,423.815,236.761,234.32,206.177,225.986,23.87,151.07,153.897,115.359,221.882,82.759,353.529,442.31,218.592,146.188,150.16,262.595
2013-05-01,232.945,233.302,271.041,289.236,166.189,216.327,242.642,247.805,310.352,199.557,179.173,233.462,262.289,127.952,422.834,236.474,233.724,205.498,226.896,23.89,151.28,154.336,115.57,222.058,82.666,353.372,438.721,219.438,145.955,151.099,262.06
2013-06-01,233.504,233.499,271.716,286.643,166.287,216.062,243.016,251.921,312.212,208.737,179.557,233.64,262.907,126.205,424.264,236.726,235.277,205.789,228.068,23.96,151.513,154.612,115.407,222.158,82.506,355.105,439.723,220.044,146.076,151.76,263.287
2013-07-01,233.596,233.591,271.279,287.773,165.412,215.92,243.409,251.37,310.886,209.538,177.356,233.792,263.451,124.215,424.836,236.957,235.859,205.872,228.374,23.98,151.693,154.913,115.384,223.34,82.372,354.775,441.489,219.992,145.726,152.554,263.698
2013-08-01,233.877,233.999,271.285,290.779,165.884,216.791,243.811,250.011,309.355,208.514,173.861,234.258,264.024,125.767,426.866,237.348,237.494,204.223,228.564,24.02,151.869,155.242,115.336,226.224,82.293,354.712,444.625,219.217,145.316,153.252,267.741
2013-09-01,234.149,234.045,270.894,290.58,165.755,217.007,244.036,248.513,305.299,209.106,173.315,234.782,264.344,129.701,428.026,237.444,238.37,203.941,228.808,24.06,152.133,155.234,115.203,227.833,82.446,354.967,445.156,218.088,145.457,151.75,269.691
2013-10-01,233.546,234.418,270.303,291.767,166.361,216.596,244.35,238.524,290.306,200.392,173.329,235.162,264.719,131.07,428.082,237.794,239.834,203.685,228.362,24.09,152.154,155.601,115.202,228.242,82.465,355.354,446.043,214.943,145.488,150.413,269.27
2013-11-01,233.069,233.639,269.75,289.195,165.228,217.463,244.97,233.136,280.742,197.442,173.035,235.243,265.31,129.435,427.74,237.585,238.761,203.422,228.449,24.16,152.488,155.938,115.325,228.514,82.351,355.555,446.032,212.844,145.643,148.74,268.978
2013-12-01,233.049,233.802,269.267,288.136,165.767,218.376,245.3,234.542,282.773,198.043,172.898,235.0,265.881,126.461,427.089,237.82,239.102,203.72,228.892,24.18,152.736,156.133,114.855,228.578,82.344,356.469,441.589,212.911,145.766,148.183,269.365
2014-01-01,233.916,235.356,271.151,292.095,167.039,219.362,245.481,239.551,286.607,203.026,179.982,235.367,266.754,124.275,429.621,238.792,240.158,204.575,230.256,24.22,152.967,156.188,115.275,228.373,82.571,356.796,446.766,213.45,145.88,147.386,272.485
2014-02-01,234.781,236.114,270.583,292.54,165.98,220.861,246.187,242.041,289.814,202.224,186.095,236.075,267.418,125.493,432.769,239.476,242.386,205.554,230.905,24.33,153.597,156.486,115.656,228.835,82.474,356.939,453.121,214.673,146.421,147.616,276.555
2014-03-01,236.293,236.973,270.66,292.944,165.703,223.063,246.878,250.543,304.464,204.131,199.34,236.913,268.431,128.888,433.369,240.226,245.301,205.366,231.968,24.31,153.979,156.98,115.763,229.061,82.495,357.465,452.12,218.435,146.348,148.92,277.974
2014-04-01,237.072,238.103,271.005,294.509,165.387,224.171,247.534,252.717,315.335,198.654,196.872,237.509,268.899,129.629,434.054,241.103,249.29,205.091,231.689,24.34,154.198,157.548,116.042,229.237,82.612,358.415,453.012,221.972,146.724,150.496,278.496
2014-05-01,237.9,239.504,271.362,298.626,164.64,225.491,247.952,255.982,317.434,206.715,192.303,238.029,269.766,128.963,434.874,242.065,251.825,205.866,232.744,24.4,154.563,157.721,116.018,229.576,82.47,359.547,454.359,223.392,146.708,151.441,278.568
2014-06-01,238.343,239.147,270.86,295.139,164.7,224.522,248.445,259.858,318.334,217.529,188.769,238.157,270.314,127.302,435.352,242.027,252.865,205.996,233.894,24.46,154.889,158.005,116.037,229.983,82.386,359.056,457.609,223.543,146.067,151.978,278.695
2014-07-01,238.25,239.82,271.993,293.535,165.211,225.14,249.21,257.907,313.514,217.93,189.659,238.138,271.115,124.645,435.924,242.674,253.767,207.39,234.475,24.48,155.562,158.433,115.838,230.807,82.378,358.585,459.832,221.867,146.086,152.857,279.587
2014-08-01,237.852,240.723,272.108,291.169,165.613,226.39,249.801,250.951,300.64,217.148,183.96,238.296,271.675,125.726,435.777,243.497,258.416,207.271,234.571,24.54,156.007,158.856,115.311,233.634,82.229,359.967,460.837,218.279,145.873,153.277,278.608
2014-09-01,238.031,241.578,270.66,293.282,166.08,227.604,250.57,247.077,294.222,215.054,183.376,238.841,272.165,130.324,436.575,244.26,260.805,207.287,234.675,24.56,156.31,159.439,115.286,235.378,82.071,359.879,461.87,216.383,145.88,151.153,279.54
2014-10-01,237.433,242.121,271.313,297.528,167.35,228.831,251.1,234.745,275.729,206.667,179.226,239.413,272.788,131.961,437.027,244.775,259.84,206.46,234.434,24.59,156.627,159.849,115.394,235.92,81.389,359.855,464.368,212.626,146.306,147.893,280.496
2014-11-01,236.151,241.576,270.344,293.978,167.511,228.412,251.987,221.844,251.172,202.889,178.558,239.248,273.233,129.023,438.445,244.902,260.457,206.21,234.315,24.66,157.074,160.602,115.026,236.098,81.002,361.001,466.447,206.874,146.481,144.151,281.491
2014-12-01,234.812,242.457,270.635,297.429,166.978,229.87,252.628,209.785,223.404,204.275,182.908,238.775,273.598,123.942,439.72,245.585,261.055,206.831,234.658,24.63,157.454,161.08,114.875,236.066,80.681,361.659,469.778,199.777,146.524,141.957,282.547
2015-01-01,233.707,243.123,273.589,298.781,168.603,227.8,253.037,192.619,185.142,208.172,179.184,239.248,274.589,122.527,440.969,246.1,260.982,207.218,235.485,24.74,157.604,161.489,115.288,236.82,80.667,362.74,471.754,190.871,146.558,141.461,284.225
2015-02-01,234.722,242.906,273.052,295.686,168.901,225.535,253.719,196.597,194.883,208.696,173.978,240.083,275.39,124.457,442.783,246.269,260.863,208.954,236.016,24.79,157.885,161.996,115.593,236.814,80.62,361.242,476.638,193.944,147.345,143.39,286.308
2015-03-01,236.119,241.588,273.812,289.858,167.706,224.449,254.108,204.731,215.442,205.894,170.592,241.067,276.36,128.245,444.02,245.689,260.077,208.463,236.435,24.85,158.131,162.169,115.835,237.447,80.432,363.531,478.076,199.363,147.574,147.023,287.42
2015-04-01,236.599,241.305,273.366,290.178,168.401,222.691,254.727,203.715,215.461,206.179,164.839,241.802,276.978,128.593,446.663,245.746,258.991,208.648,236.777,24.89,158.515,162.55,116.045,238.003,80.422,365.146,478.206,200.245,147.844,149.788,291.775
2015-05-01,237.805,241.019,273.595,293.011,166.795,221.039,255.322,214.33,238.17,207.683,162.639,242.119,277.563,127.083,447.213,245.846,257.106,209.272,237.175,24.97,158.711,163.041,116.19,238.219,80.015,365.214,478.566,206.386,147.889,150.713,292.257
2015-06-01,238.638,241.494,274.479,288.968,166.824,219.696,255.846,220.861,244.226,217.468,164.205,242.354,278.461,124.954,446.271,246.245,261.189,209.787,238.568,24.97,159.282,163.02,116.395,238.669,79.906,366.541,479.642,208.012,147.845,150.97,288.959
2015-07-01,238.654,241.993,275.526,287.816,167.421,221.443,255.905,219.852,243.736,216.406,162.733,242.436,279.559,122.607,446.773,246.558,261.639,210.251,239.085,25.01,159.713,163.251,116.355,239.68,79.793,367.45,480.21,207.218,147.154,151.119,288.895
2015-08-01,238.316,242.746,274.968,291.344,168.017,220.716,256.449,213.248,230.513,215.786,162.885,242.651,280.093,124.547,446.536,247.196,263.601,209.892,239.298,25.1,159.97,163.67,116.084,242.076,79.832,366.365,482.392,203.377,146.704,150.908,288.181
2015-09-01,237.945,243.432,273.53,295.394,168.054,222.31,257.83,201.641,207.239,214.132,161.189,243.359,280.814,128.54,447.289,248.09,263.227,210.659,239.651,25.11,160.355,164.286,116.024,244.351,80.028,367.176,481.26,197.593,146.57,148.52,289.134
2015-10-01,237.838,243.779,275.753,297.931,169.045,221.874,258.363,194.501,199.077,205.604,159.422,243.985,281.499,129.446,450.065,248.575,261.568,210.636,239.395,25.2,160.632,164.621,116.1,244.7,80.202,366.652,481.426,195.858,146.516,145.821,295.282
2015-11-01,237.336,242.24,273.752,298.037,167.498,220.613,258.805,189.267,190.701,202.479,157.75,244.075,281.932,127.039,451.371,247.87,259.141,209.315,239.325,25.25,160.888,164.907,115.763,244.865,80.355,370.599,482.478,194.404,146.804,143.247,294.765
2015-12-01,236.525,241.375,273.245,299.078,167.482,220.848,259.097,183.378,179.496,201.787,155.746,243.779,282.394,122.792,451.072,247.468,255.298,208.915,239.514,25.25,161.042,165.079,115.625,244.777,80.227,370.324,481.134,191.528,146.817,142.474,294.377
2016-01-01,236.916,242.017,274.58,306.796,168.718,220.869,259.958,180.171,171.574,203.169,156.513,244.528,283.498,121.878,454.175,248.241,251.783,208.81,240.424,25.37,161.392,165.905,116.062,244.71,80.342,370.911,485.796,190.162,147.456,142.668,297.252
2016-02-01,237.111,242.062,274.801,306.778,169.248,219.732,260.319,172.061,154.564,202.528,155.981,245.68,284.435,125.567,458.295,248.459,251.29,209.385,241.015,25.38,161.625,166.17,116.631,244.864,80.046,372.091,493.075,187.345,148.268,144.024,301.007
2016-03-01,238.132,240.329,273.162,298.162,168.187,218.131,260.883,179.017,170.356,202.487,154.822,246.358,285.196,127.427,458.62,247.677,250.837,209.743,241.485,25.45,161.898,166.668,117.071,244.876,80.088,372.672,495.191,191.257,148.227,146.178,300.303
2016-04-01,239.261,240.635,273.924,296.217,168.771,218.315,261.517,185.652,185.808,201.778,154.13,246.992,285.836,127.77,459.994,248.095,250.839,211.009,241.79,25.53,162.125,167.238,117.515,245.206,80.039,372.961,497.297,195.491,147.895,147.489,300.733
2016-05-01,240.229,239.354,273.074,295.974,167.053,216.122,262.074,192.673,198.011,205.038,154.994,247.544,286.924,127.758,461.23,247.58,248.989,210.28,242.811,25.58,162.664,167.433,117.512,245.419,79.624,376.263,493.293,198.613,147.646,147.223,301.713
2016-06-01,241.018,238.43,273.379,292.733,165.94,214.815,262.529,200.035,206.681,213.474,155.914,247.794,288.069,125.472,462.075,247.207,248.016,210.392,244.28,25.62,163.059,167.624,117.582,245.911,79.419,377.678,498.136,200.262,147.245,146.303,301.277
2016-07-01,240.628,238.207,273.418,291.96,166.648,214.605,263.051,195.94,195.243,214.193,162.129,247.744,288.78,123.03,464.164,247.267,246.875,210.486,244.936,25.69,163.364,167.989,117.358,246.478,79.156,380.083,502.833,197.145,147.119,145.457,302.161
2016-08-01,240.849,238.088,273.104,292.156,167.044,215.506,263.649,193.524,189.375,214.222,164.715,248.278,289.605,124.871,468.379,247.42,246.547,209.761,245.472,25.71,163.824,168.254,117.119,248.58,79.142,382.156,512.061,195.198,146.713,144.858,305.972
2016-09-01,241.428,238.12,272.089,293.423,166.573,216.693,264.102,195.852,193.817,214.381,165.881,248.731,290.445,128.429,469.154,247.645,246.642,209.426,246.127,25.77,164.072,168.537,116.945,250.469,78.503,382.134,514.781,195.402,146.499,142.482,306.404
2016-10-01,241.729,238.145,272.502,295.616,166.793,218.183,264.459,194.786,197.357,206.397,167.049,249.218,291.407,130.328,469.23,247.861,244.77,208.985,246.264,25.9,164.143,168.913,116.713,251.173,78.113,381.406,515.159,196.185,146.896,139.914,307.433
2016-11-01,241.353,236.93,271.896,293.554,166.258,216.773,264.699,191.402,192.522,202.984,167.469,249.227,291.953,127.377,469.333,247.246,243.633,207.703,246.271,25.9,164.463,168.883,116.746,251.155,78.228,384.11,511.311,195.411,147.027,137.789,307.403
2016-12-01,241.432,236.464,271.374,291.957,165.965,217.929,265.104,193.306,195.915,203.146,167.935,249.134,292.612,122.637,469.447,247.134,241.612,208.301,246.795,25.93,164.876,169.009,116.559,251.466,78.135,384.519,511.191,196.252,147.299,137.475,307.465
2017-01-01,242.839,237.365,272.922,291.679,167.074,219.804,266.079,199.608,206.36,205.23,172.319,250.083,293.56,123.088,471.7,248.074,242.596,208.804,247.942,26.0,165.361,169.832,117.337,251.122,78.19,384.882,515.468,199.292,148.848,137.397,309.929
2017-02-01,243.603,237.918,271.708,292.222,169.451,220.552,266.626,198.195,201.957,206.416,172.967,251.143,294.444,126.1,474.546,248.595,243.057,208.914,248.693,26.07,165.849,170.057,118.375,251.356,77.874,385.353,518.618,199.147,148.993,137.899,313.974
2017-03-01,243.801,238.256,272.174,292.932,168.455,218.567,267.055,198.597,204.217,205.692,170.755,251.29,295.044,128.25,474.561,248.967,244.306,210.002,248.978,26.11,166.073,170.381,118.573,251.113,75.275,383.965,518.47,200.091,148.543,139.372,314.529
2017-04-01,244.524,238.817,271.865,298.164,168.354,217.827,267.652,202.869,212.424,206.671,172.597,251.642,295.706,128.349,473.582,249.538,243.33,210.668,249.514,26.18,166.343,170.972,118.639,251.001,74.834,379.886,512.738,202.389,148.457,140.654,317.053
2017-05-01,244.733,238.964,272.445,298.47,168.555,217.015,268.128,203.132,209.441,210.541,174.901,251.835,296.503,126.563,473.512,249.749,243.815,210.63,250.376,26.21,166.721,171.246,118.577,250.959,74.618,379.207,512.582,202.212,148.033,140.875,316.653
2017-06-01,244.955,238.3,272.429,294.788,167.242,215.192,268.225,204.646,205.881,218.865,175.807,252.014,297.446,124.63,474.36,249.398,245.756,210.119,251.629,26.26,166.959,171.53,118.518,251.658,74.365,377.747,517.217,201.263,147.262,140.015,318.313
2017-07-01,244.786,238.953,271.95,294.935,167.085,216.434,268.649,202.554,201.173,219.696,174.301,251.936,297.919,122.485,476.126,249.93,247.761,210.624,251.87,26.35,167.19,172.038,118.863,252.115,74.131,377.989,524.056,199.466,146.19,139.519,319.387
2017-08-01,245.519,238.843,272.544,295.009,166.822,216.537,269.522,205.894,209.0,219.078,173.646,252.46,299.157,124.147,476.869,250.212,247.985,209.905,252.615,26.37,167.448,172.321,118.875,253.805,74.011,378.99,526.105,200.652,145.712,139.35,319.394
2017-09-01,246.819,239.128,271.75,297.047,167.429,216.564,270.353,215.711,231.182,218.117,172.111,252.941,299.844,128.15,476.485,250.735,247.613,210.159,252.984,26.49,167.718,172.934,118.87,255.783,73.994,379.169,522.018,204.775,145.037,137.141,320.449
2017-10-01,246.663,239.543,270.858,299.7,167.99,217.17,270.658,207.29,218.591,210.424,172.373,253.638,300.846,129.57,477.121,251.13,248.413,209.528,253.125,26.5,168.105,173.259,118.663,256.435,74.147,379.072,520.35,202.457,144.868,135.867,322.368
2017-11-01,246.669,238.403,269.646,296.791,166.271,216.878,271.152,209.383,224.227,208.111,173.504,253.492,301.185,125.398,477.198,250.694,247.027,209.624,253.177,26.54,168.33,173.641,118.42,256.721,74.295,377.037,522.411,204.014,145.442,134.901,322.871
2017-12-01,246.524,238.579,269.847,296.476,166.006,216.916,271.811,206.598,216.781,208.406,175.909,253.558,301.985,120.614,477.802,251.024,248.42,209.401,253.845,26.63,168.607,173.895,118.336,256.469,74.314,377.734,525.385,203.023,146.522,136.118,323.114
2018-01-01,247.867,239.828,272.273,301.814,167.671,217.897,272.772,210.663,223.806,210.171,172.658,254.638,302.928,122.266,481.06,252.109,247.284,209.611,254.857,26.72,169.021,174.704,118.647,256.15,74.354,379.077,527.767,205.338,146.996,136.555,328.635
2018-02-01,248.991,239.19,271.245,298.503,167.736,216.412,273.435,213.519,227.42,210.97,179.557,255.783,303.653,126.587,482.897,252.076,247.095,210.115,255.713,26.74,169.371,175.272,119.093,256.291,74.015,380.47,529.279,207.359,146.807,137.768,329.701
2018-03-01,249.554,239.158,272.345,293.87,167.758,216.497,273.733,212.554,226.872,210.273,176.567,256.61,304.847,128.604,483.984,252.182,249.516,210.012,256.388,26.85,169.599,175.48,119.281,255.609,73.883,380.766,528.167,207.845,146.727,139.892,330.759
2018-04-01,250.546,240.129,271.766,296.863,167.041,216.906,274.393,218.83,240.962,209.215,174.318,257.025,305.716,129.365,484.034,252.999,251.922,210.632,256.969,26.91,170.071,175.604,118.966,255.564,73.808,381.076,526.345,210.734,146.069,139.368,331.289
2018-05-01,251.588,239.287,271.91,297.211,166.401,215.659,275.307,226.81,255.096,212.646,173.42,257.469,306.913,128.362,484.853,252.848,249.449,210.159,257.907,26.98,170.705,176.143,118.851,256.09,73.997,381.309,531.692,214.125,146.349,138.506,331.651
2018-06-01,251.989,239.158,273.682,295.523,166.431,216.126,275.808,229.137,255.885,218.591,172.167,257.697,307.521,125.382,486.019,253.022,248.609,210.259,258.71,27.03,170.934,176.534,119.145,256.679,74.129,380.991,533.72,214.679,146.562,139.09,333.408
2018-07-01,252.006,239.82,273.258,297.632,166.577,215.622,276.125,227.107,252.232,217.9,172.062,257.867,308.393,122.831,485.193,253.476,250.042,210.736,259.268,27.1,171.268,176.538,119.272,257.477,74.171,380.404,528.865,214.039,146.526,140.687,334.033
2018-08-01,252.146,240.015,273.338,297.644,167.231,216.435,276.648,226.939,251.367,217.967,173.867,258.012,309.296,122.447,484.172,253.779,250.743,210.158,259.884,27.21,171.465,176.991,118.972,260.613,73.983,380.143,530.165,213.482,146.149,141.095,332.708
2018-09-01,252.439,240.125,273.729,298.432,168.428,216.638,277.258,226.165,252.216,215.536,170.1,258.429,309.702,127.44,484.708,254.178,248.876,210.59,259.941,27.32,171.605,177.599,119.163,262.336,74.099,380.928,528.124,212.414,145.715,135.13,332.595
2018-10-01,252.885,239.882,272.26,298.531,169.57,216.8,277.513,225.757,253.793,211.937,168.77,259.063,310.382,129.108,485.269,254.203,247.966,210.224,260.268,27.37,172.018,177.446,118.85,262.947,73.862,380.489,524.37,213.482,145.588,136.45,332.853
2018-11-01,252.038,239.352,273.24,296.362,167.891,215.896,278.306,215.91,235.381,209.339,169.821,259.105,310.95,124.935,486.886,254.262,247.954,210.407,260.473,27.44,172.444,178.024,119.147,263.119,73.031,379.872,525.494,209.924,145.826,138.01,334.242
2018-12-01,251.233,239.989,274.321,301.134,168.339,216.652,279.419,205.905,212.152,210.637,179.999,259.083,311.652,120.526,487.409,255.023,247.327,209.739,261.36,27.56,173.266,178.652,119.705,263.199,73.007,379.885,522.105,204.541,146.126,138.069,334.964
2019-01-01,251.712,241.381,275.05,304.605,171.354,217.079,280.38,200.563,201.194,210.92,180.106,260.122,312.696,122.422,490.204,256.185,248.169,210.006,262.284,27.59,173.624,179.659,120.265,263.125,73.103,382.032,525.103,202.57,147.059,138.8,336.225
2019-02-01,252.776,242.057,275.996,304.621,172.488,216.595,281.373,202.74,206.749,210.939,174.95,261.114,313.88,125.631,491.227,256.997,248.597,211.168,263.057,27.69,174.151,180.525,120.306,263.62,73.097,383.009,522.971,204.236,147.226,139.301,336.234
2019-03-01,254.202,242.555,277.275,305.399,172.06,217.531,281.887,211.724,225.282,210.937,174.089,261.836,315.135,125.785,492.306,257.43,249.062,211.55,263.886,27.77,174.395,180.931,120.743,263.905,72.943,381.045,526.097,208.836,147.788,140.513,336.648
2019-04-01,255.548,241.878,276.64,303.503,170.727,217.51,282.798,222.499,248.499,210.525,171.004,262.332,316.263,125.542,493.331,257.393,249.203,211.078,264.452,27.79,175.083,181.466,120.821,263.944,73.032,382.15,528.008,214.142,147.84,140.458,335.198
2019-05-01,256.092,242.145,277.795,302.352,171.26,217.841,283.394,225.773,254.551,212.326,168.826,262.59,317.188,124.429,494.928,257.791,250.356,210.815,265.137,27.88,175.517,181.813,120.254,264.199,72.989,382.436,526.439,215.391,147.659,138.888,335.966
2019-06-01,256.143,241.407,276.891,298.611,170.23,217.433,284.316,221.373,242.043,217.947,168.628,263.177,318.3,123.749,495.563,257.778,249.231,212.056,266.461,27.97,176.493,181.897,120.145,264.612,73.034,382.702,522.957,213.073,147.417,140.823,335.078
2019-07-01,256.571,241.359,277.49,299.35,169.685,217.626,284.891,222.492,244.0,219.083,167.074,263.566,319.136,122.161,497.687,258.015,250.033,210.941,267.101,28.03,176.832,182.264,120.128,264.882,73.219,383.047,524.829,213.405,147.035,142.756,336.604
2019-08-01,256.558,241.153,276.619,298.6,170.067,218.758,285.507,216.978,233.625,217.811,167.803,264.169,319.679,123.641,500.916,258.154,249.277,210.841,267.263,28.14,177.263,182.556,120.458,266.979,73.272,382.858,526.629,211.084,146.456,144.026,339.781
2019-09-01,256.759,241.543,277.308,297.309,170.63,219.771,286.246,215.418,231.496,216.938,165.562,264.522,320.569,127.009,501.468,258.646,249.74,211.49,267.822,28.16,177.743,182.911,120.357,268.357,73.195,384.454,522.518,209.35,145.854,138.653,339.512
2019-10-01,257.346,242.34,276.47,301.318,170.842,220.738,286.791,216.351,235.168,212.829,169.138,265.059,320.762,126.154,506.1,259.284,250.592,211.492,267.794,28.24,178.117,183.223,120.982,268.878,73.19,384.901,529.635,210.487,145.726,138.407,344.363
2019-11-01,257.208,241.726,276.166,297.472,170.675,221.515,287.255,214.636,232.575,210.365,171.629,265.108,321.267,122.986,507.541,259.08,250.491,211.25,267.925,28.34,178.585,183.32,121.381,268.88,73.578,385.01,528.285,209.763,145.728,137.407,345.227
2019-12-01,256.974,241.75,275.036,297.105,170.006,221.924,288.078,212.982,228.857,209.725,173.652,264.935,321.766,119.111,509.689,259.403,252.893,210.432,268.236,28.38,178.981,184.074,121.545,268.7,73.541,385.092,537.946,208.482,146.22,137.125,344.933
2020-01-01,257.971,243.11,275.916,301.679,172.313,223.035,289.137,213.043,227.01,212.018,174.272,266.004,323.053,120.853,512.149,260.638,252.905,210.763,269.468,28.43,179.613,184.856,121.986,268.841,73.79,384.715,538.154,208.284,147.253,136.064,349.152
2020-02-01,258.678,244.054,276.641,299.817,173.194,224.443,289.781,208.354,218.373,212.18,171.469,267.268,324.254,124.438,513.923,261.487,253.396,213.215,270.281,28.54,180.011,185.342,122.067,269.36,73.793,386.202,535.548,207.772,147.803,137.452,350.635
2020-03-01,258.115,245.163,277.646,299.641,174.454,225.627,290.216,199.573,202.205,211.332,168.994,267.312,324.615,123.815,515.605,262.32,254.724,214.565,270.273,28.73,179.94,186.02,122.265,269.45,73.719,386.483,533.885,203.854,147.124,140.689,351.35
2020-04-01,256.389,251.717,285.16,304.809,179.235,228.755,290.639,183.081,168.891,211.04,167.751,266.089,324.522,118.394,517.053,266.137,266.263,219.233,270.184,30.04,179.359,187.311,121.935,269.614,73.854,386.862,533.767,193.732,147.007,139.411,352.676
2020-05-01,256.394,253.827,284.937,306.798,178.234,230.166,291.709,183.076,168.528,211.988,168.316,265.799,325.265,114.582,519.194,267.792,275.405,218.988,270.823,29.72,179.72,188.422,122.779,269.725,73.793,389.329,533.325,191.419,147.222,138.383,352.287
2020-06-01,257.797,255.042,286.092,305.393,179.19,228.437,293.219,193.379,185.422,218.191,168.267,266.302,325.814,114.734,520.734,269.051,281.139,219.311,271.831,29.38,181.276,189.28,122.015,269.993,73.655,390.718,533.46,195.609,147.108,136.915,352.794
2020-07-01,259.101,252.563,285.204,306.123,178.167,227.114,294.599,197.665,194.397,218.82,166.536,267.703,326.58,114.267,522.686,268.132,271.028,219.254,272.445,29.39,182.035,190.472,121.304,270.659,74.98,392.928,533.551,200.766,147.803,141.493,353.381
2020-08-01,259.918,252.352,284.472,306.754,178.684,231.231,295.437,197.362,194.449,217.68,166.916,268.756,326.997,116.299,523.295,268.383,266.969,219.607,272.866,29.49,182.162,191.307,122.074,271.626,75.271,393.025,534.254,202.386,147.412,149.765,353.332
2020-09-01,260.28,251.369,284.416,306.249,177.848,230.656,297.08,198.858,195.888,218.395,171.873,269.054,327.116,119.354,522.528,268.465,265.386,218.358,273.116,29.51,182.638,193.053,122.188,272.241,75.181,392.474,529.966,202.715,147.361,152.887,355.129
2020-10-01,260.388,251.937,284.74,309.071,178.4,229.155,297.893,196.458,192.792,215.57,172.255,269.328,327.273,119.172,520.725,269.169,265.796,218.758,273.014,29.54,183.177,193.708,122.581,272.465,75.228,392.099,527.649,203.086,147.956,154.381,354.289
2020-11-01,260.229,250.407,282.782,306.311,175.869,229.503,298.253,194.388,187.609,213.787,179.226,269.473,327.435,116.602,519.848,268.539,265.307,217.31,273.29,29.64,183.794,194.102,123.016,272.359,75.313,392.156,526.167,202.828,148.063,152.324,355.164
2020-12-01,260.474,251.253,283.735,306.506,177.539,231.74,299.369,198.155,193.99,214.375,180.767,269.226,327.702,114.434,518.766,269.383,264.475,218.534,273.684,29.91,184.314,195.12,122.692,272.437,75.311,391.807,525.244,203.56,149.091,150.891,355.232
2021-01-01,261.582,252.107,282.911,309.954,179.789,231.546,300.382,205.273,207.406,215.242,181.709,269.755,328.282,117.785,522.133,270.26,265.922,217.824,274.336,29.93,184.776,196.386,122.14,272.238,75.361,397.892,525.434,205.631,149.377,149.659,358.733
2021-02-01,263.014,252.716,284.095,309.993,180.202,230.452,300.54,213.277,221.689,216.998,183.006,270.696,329.005,119.998,524.207,270.672,266.606,219.11,275.137,30.05,185.256,197.076,123.021,272.539,75.412,405.897,521.231,209.054,149.515,150.221,359.521
2021-03-01,264.877,253.231,284.746,311.168,180.018,229.249,300.897,225.861,247.652,216.528,185.624,271.713,330.122,120.746,524.734,271.135,268.457,219.263,276.028,30.03,185.703,198.042,123.567,271.559,75.255,407.048,521.375,215.761,149.321,153.873,361.468
2021-04-01,267.054,254.76,285.377,314.973,179.57,230.17,301.819,229.116,252.603,218.627,188.129,273.968,331.354,120.656,524.585,272.367,271.459,220.143,277.258,30.22,186.076,198.99,124.546,271.829,75.63,405.869,523.876,222.547,149.892,168.647,361.585
2021-05-01,269.195,255.516,286.649,315.748,177.814,230.38,303.481,235.339,263.17,220.948,191.083,275.893,332.454,120.951,523.918,273.441,275.776,219.664,278.648,30.41,187.156,199.889,124.769,272.544,75.721,405.744,522.116,229.689,152.143,179.532,361.285
2021-06-01,271.696,257.412,286.761,315.211,179.527,230.152,305.634,240.72,268.979,226.562,194.563,278.218,334.222,120.324,522.989,275.38,282.993,220.221,280.366,30.54,188.743,201.006,124.893,273.169,75.748,406.812,519.861,237.701,154.847,198.855,361.384
2021-07-01,273.003,259.022,289.533,312.875,180.136,231.233,308.023,244.8,275.656,227.672,198.207,279.146,335.812,119.078,524.219,277.187,286.994,222.116,281.604,30.66,189.862,203.027,125.588,273.812,75.808,408.445,519.957,239.722,157.203,200.425,363.254
2021-08-01,273.567,259.825,288.99,313.672,182.277,230.145,309.336,246.639,277.448,229.088,202.14,279.507,336.284,121.194,525.247,278.201,288.367,222.863,282.391,30.78,191.071,204.59,126.245,275.373,76.061,408.49,519.729,238.333,158.652,197.535,365.843
2021-09-01,274.31,262.695,292.069,315.428,184.49,231.973,310.996,248.228,278.338,229.831,207.29,279.884,337.451,123.406,524.818,280.452,293.217,225.141,283.744,30.98,192.203,205.893,126.438,277.551,76.341,407.266,521.506,236.373,160.244,190.207,366.394
2021-10-01,276.589,265.478,294.625,318.316,186.387,233.168,313.592,255.338,288.501,229.641,220.668,281.617,338.671,124.323,527.564,282.943,297.377,227.701,285.31,31.14,194.003,207.453,127.301,278.047,76.391,407.391,523.862,241.042,162.527,195.213,368.593
2021-11-01,277.948,266.384,295.909,318.436,185.119,233.157,315.481,259.1,296.571,227.588,224.225,282.754,339.997,122.383,528.877,284.168,299.228,229.643,286.308,31.23,194.875,209.483,126.952,278.097,76.294,408.843,524.509,245.532,164.511,200.209,367.479
2021-12-01,278.802,267.555,297.279,321.931,186.723,235.442,317.372,256.207,290.185,227.974,224.366,283.908,341.241,121.068,530.026,285.556,297.604,230.809,287.511,31.39,196.449,210.803,126.695,277.904,76.298,408.644,525.251,246.499,166.653,207.164,366.854
2022-01-01,281.148,270.711,302.242,327.451,188.719,238.675,319.471,260.653,290.416,238.183,225.181,285.996,342.604,124.079,535.048,288.264,298.441,233.956,289.889,31.6,197.808,212.192,127.937,278.087,76.292,408.335,532.044,248.424,167.582,210.293,371.646
2022-02-01,283.716,274.568,306.193,333.675,192.21,242.386,320.88,267.771,305.959,236.453,226.491,288.059,344.607,127.868,536.932,291.244,301.24,237.143,291.504,31.64,199.077,212.755,129.116,278.38,76.267,407.984,533.592,253.15,168.027,212.04,371.745
2022-03-01,287.504,278.612,311.606,337.503,194.342,245.258,321.689,298.246,366.499,240.558,225.679,289.305,346.618,128.919,539.739,294.064,305.116,241.804,293.577,31.8,200.496,212.352,129.437,278.388,75.866,409.998,532.722,264.525,168.056,208.216,373.307
2022-04-01,289.109,282.161,314.787,339.385,197.138,251.03,323.559,298.469,362.802,242.778,230.916,290.846,348.389,127.126,541.515,296.915,310.399,244.282,295.259,31.96,202.346,212.95,129.892,278.647,75.576,410.83,532.975,266.892,169.699,206.981,374.501
2022-05-01,292.296,285.953,319.93,341.594,199.166,257.678,325.952,316.761,391.262,247.461,248.854,292.506,350.58,126.97,543.488,300.081,314.929,247.3,297.868,32.1,203.954,214.416,130.36,279.356,75.341,410.249,532.195,274.282,171.35,208.373,375.273
2022-06-01,296.311,288.884,326.378,340.594,200.876,261.255,329.033,340.917,430.142,257.557,269.278,294.68,352.967,126.619,546.717,302.967,316.11,252.015,300.927,32.19,205.581,215.905,130.677,280.562,75.311,410.729,532.656,284.644,172.546,212.98,375.318
2022-07-01,296.276,292.972,332.968,341.839,204.944,265.638,331.342,325.407,396.952,262.347,258.666,295.646,354.935,125.188,549.562,306.278,318.141,257.295,302.327,32.34,206.732,217.719,131.087,280.974,75.061,411.846,534.312,278.958,173.618,213.683,377.415
2022-08-01,296.171,295.007,336.399,343.221,206.693,267.461,334.212,305.372,348.593,265.191,268.866,297.178,357.264,127.328,553.429,308.55,318.867,259.976,304.506,32.44,208.3,219.286,131.437,283.882,74.977,412.828,536.212,270.334,174.598,212.895,380.339
2022-09-01,296.808,296.771,339.336,348.173,208.332,268.793,337.369,297.343,328.918,265.487,275.894,298.442,359.704,130.143,556.323,310.678,319.486,260.58,306.521,32.57,209.211,220.602,131.581,286.151,74.895,414.767,535.82,266.109,175.312,203.867,380.465
2022-10-01,298.012,298.401,341.492,348.021,210.121,269.355,340.532,300.359,339.017,262.1,264.774,299.315,362.093,129.414,554.043,312.86,321.271,262.814,307.816,32.7,211.417,222.257,132.49,286.449,74.745,414.897,535.248,267.979,176.157,199.176,
2022-11-01,297.711,298.284,344.393,349.462,209.507,271.307,342.266,292.953,326.649,258.864,258.872,299.6,364.195,126.728,550.844,313.467,319.444,261.583,308.72,32.82,212.346,223.53,132.965,286.792,75.464,415.048,534.424,264.668,176.354,193.53,378.209
2022-12-01,296.797,299.089,345.029,349.134,210.324,271.376,343.559,274.937,285.757,260.548,267.683,300.113,366.868,124.587,551.002,314.459,320.455,262.985,310.725,32.94,212.628,224.75,133.172,287.177,75.452,415.611,534.9,255.993,176.463,188.864,383.15
2023-01-01,299.17,301.435,349.294,351.029,213.359,272.04,345.677,283.33,294.759,266.528,285.407,301.962,369.585,127.875,551.422,316.705,322.737,264.746,313.747,33.02,213.792,226.409,134.077,287.509,75.75,415.197,546.107,257.874,177.276,185.857,385.064
2023-02-01,300.84,302.483,350.772,351.249,215.925,272.271,347.869,281.673,299.774,266.887,258.976,304.011,372.51,132.039,549.487,318.05,321.803,266.612,315.431,33.15,214.996,228.07,135.519,287.651,75.786,413.034,546.312,259.712,177.817,183.241,384.996
2023-03-01,301.836,301.918,353.866,345.814,216.329,271.384,349.944,279.084,302.673,265.033,238.182,305.476,374.971,133.112,547.805,318.338,318.306,268.567,316.514,33.27,216.558,229.128,135.693,288.26,75.748,412.119,547.078,261.969,178.342,184.997,383.42
2023-04-01,303.363,302.328,353.742,346.269,215.833,271.102,351.237,283.352,318.482,263.216,226.062,306.899,376.636,131.762,547.219,319.085,318.996,269.657,317.278,33.43,216.852,230.419,136.375,288.606,75.662,411.951,548.51,267.402,178.892,193.394,385.355
2023-05-01,304.127,302.535,354.195,350.986,216.46,269.573,352.892,279.816,314.116,262.135,221.484,308.096,378.776,131.382,547.42,319.811,315.968,269.999,318.205,33.5,217.744,231.665,136.28,288.843,75.415,409.885,548.929,268.862,179.329,199.576,389.166
2023-06-01,305.109,302.335,355.074,350.724,216.146,268.338,354.245,283.854,316.258,271.369,219.272,308.91,380.594,130.51,547.432,320.12,315.561,269.995,320.002,33.69,218.301,232.64,136.3,289.382,75.064,412.812,549.14,270.146,179.577,202.007,390.793
2023-07-01,305.691,303.455,356.377,351.646,216.056,269.143,354.862,284.828,318.071,270.268,223.29,309.402,382.226,129.172,546.698,321.02,317.445,271.276,321.087,33.85,218.655,233.174,136.401,290.069,74.966,413.437,549.212,270.602,179.696,201.624,389.061
2023-08-01,307.026,303.716,356.563,350.428,216.642,268.281,356.083,294.328,336.979,270.752,224.539,310.103,383.221,131.262,548.082,321.578,318.944,271.648,321.894,33.89,219.097,233.911,136.102,292.014,74.858,413.877,551.344,274.22,179.691,198.768,391.678
2023-09-01,307.789,303.925,355.576,351.02,216.736,268.377,357.488,296.004,338.893,272.401,221.045,310.817,385.433,133.157,548.431,322.249,320.14,271.561,323.563,34.01,219.918,234.755,136.687,294.357,74.827,413.966,547.579,272.517,179.75,187.587,397.531
2023-10-01,307.671,304.788,355.752,351.952,216.952,268.326,358.824,286.754,320.999,268.342,222.955,311.38,386.435,132.786,549.762,323.262,322.536,272.215,323.964,34.08,220.572,235.997,136.726,294.084,74.614,409.755,552.058,270.027,179.446,184.961,401.752
2023-11-01,307.051,303.224,356.169,350.736,215.604,267.609,360.383,277.029,297.598,267.545,231.976,311.606,387.892,128.093,551.769,322.703,319.86,270.25,324.735,34.17,221.574,236.999,136.292,293.674,74.213,412.011,554.6,267.035,178.7,186.27,402.222
2023-12-01,306.746,303.005,353.844,350.25,215.872,267.889,361.564,269.375,280.289,269.17,230.862,311.907,389.433,125.794,553.485,322.933,320.143,270.223,325.64,34.29,222.175,238.0,136.811,294.04,74.205,412.93,552.625,263.375,178.269,186.383,404.407
2024-01-01,308.417,305.037,354.532,354.798,220.573,268.941,363.249,270.42,276.003,276.698,234.515,313.623,391.896,127.946,557.215,324.782,319.752,271.6,328.222,34.47,222.981,239.515,137.8,294.574,74.607,415.427,548.245,262.11,178.595,179.41,410.695
2024-02-01,310.326,305.469,356.633,353.965,220.956,267.334,363.596,276.331,287.943,276.384,236.218,315.419,393.906,131.985,557.236,325.19,320.096,272.768,329.704,34.52,223.137,239.869,138.322,295.488,74.967,414.702,547.682,266.638,178.592,180.006,408.345
2024-03-01,312.332,305.426,354.666,352.841,221.423,266.274,364.546,285.002,306.513,278.233,230.601,317.088,396.174,133.64,559.935,325.491,322.589,272.352,331.247,34.65,223.589,240.587,138.183,295.297,74.874,415.118,549.405,272.485,178.247,180.891,412.365
2024-04-01,313.548,305.707,355.852,352.274,220.712,267.474,365.813,290.76,322.434,276.653,221.729,317.978,397.539,133.502,561.612,326.107,322.323,273.306,331.688,34.76,224.294,241.515,138.412,295.736,74.986,415.648,550.678,276.687,178.25,180.132,415.025
2024-05-01,314.069,305.679,356.758,353.084,219.354,266.749,367.099,290.139,320.981,277.584,222.024,318.629,399.274,132.433,564.249,326.545,323.414,272.796,332.777,34.89,225.29,242.012,138.118,296.691,74.736,415.581,562.168,276.623,177.958,180.971,417.163
2024-06-01,314.175,305.752,356.938,348.901,219.373,268.098,368.616,286.675,308.475,283.25,227.478,319.003,400.234,131.525,565.301,327.144,323.848,274.285,334.087,35.01,226.754,242.533,138.115,297.42,74.554,415.961,562.339,273.579,178.001,181.603,417.648
2024-07-01,314.54,306.643,356.525,350.962,220.129,268.653,369.383,287.868,310.915,283.415,226.593,319.214,401.545,129.466,564.039,327.956,327.013,273.643,335.056,35.08,227.021,243.255,138.277,298.288,74.649,416.312,563.035,273.326,177.84,179.579,412.926
2024-08-01,314.796,306.402,355.652,349.599,219.381,269.468,370.348,282.614,302.419,281.333,224.259,320.017,403.257,131.683,564.407,328.156,329.108,272.612,335.931,35.22,227.488,243.868,138.214,301.065,74.541,416.37,562.174,271.391,177.534,178.192,
2024-09-01,315.301,307.767,356.088,353.508,219.488,269.643,371.604,275.74,287.102,282.522,225.366,321.109,404.133,135.537,566.266,329.417,332.525,272.658,336.776,35.34,228.389,244.431,137.651,304.883,74.092,420.17,559.487,269.604,177.435,178.072,415.293
2024-10-01,315.664,308.2,359.007,355.292,220.672,271.695,372.486,272.807,281.741,280.47,227.463,321.758,405.287,133.179,567.87,330.051,328.743,273.232,337.47,35.46,228.839,244.94,138.12,305.154,73.62,422.425,560.836,269.724,177.162,178.744,417.499
2024-11-01,315.493,307.972,354.371,354.696,221.735,270.819,373.53,268.213,273.57,275.801,236.179,321.947,406.25,129.542,568.773,330.26,331.976,272.027,338.048,35.6,229.554,245.744,138.341,305.865,72.903,423.591,558.497,268.45,177.472,179.958,417.503
2024-12-01,315.605,308.38,356.574,353.63,220.762,271.358,374.644,267.963,270.667,276.7,242.224,322.007,407.242,127.354,569.189,330.812,333.659,272.362,338.883,35.69,230.095,246.692,138.343,305.662,72.857,423.86,558.744,267.606,177.552,180.317,418.467
2025-01-01,317.671,310.936,355.964,355.837,225.51,272.038,375.532,273.045,275.527,281.888,246.117,323.842,409.153,128.464,571.899,332.696,339.169,273.796,340.875,35.84,230.402,247.493,140.059,305.86,73.17,424.125,572.655,270.384,178.008,181.265,422.429
2025-02-01,319.082,311.284,357.627,353.197,225.51,269.432,376.991,275.867,279.059,283.194,250.38,325.252,410.635,132.774,573.32,333.498,344.781,273.067,342.398,35.94,231.306,248.357,140.788,306.284,73.421,425.684,572.748,271.04,178.038,181.361,423.005
2025-03-01,319.799,312.815,358.45,350.379,226.835,272.244,378.363,275.734,276.558,285.983,252.218,325.933,411.99,134.082,574.739,334.92,348.179,275.216,343.512,36.11,232.65,248.776,140.74,306.847,73.467,427.102,561.202,270.061,178.168,181.932,427.689
2025-04-01,320.795,311.84,355.976,349.187,227.738,271.75,380.039,279.888,284.526,286.652,256.501,326.815,413.389,132.544,576.988,334.918,344.883,275.27,344.801,36.12,233.973,249.634,140.627,306.829,73.228,428.574,563.253,272.503,178.795,182.861,430.162
2025-05-01,321.465,312.491,360.325,351.335,226.252,271.348,381.228,280.097,282.614,290.055,255.981,327.509,414.689,131.223,578.25,335.687,343.032,276.606,345.938,36.28,234.732,250.38,140.63,307.504,73.133,427.488,566.716,272.946,178.728,184.224,432.089
2025-06-01,322.561,313.028,360.04,351.414,229.103,270.626,382.75,284.307,282.914,299.728,259.734,328.364,415.455,130.844,580.978,336.555,342.058,277.737,347.593,36.36,235.929,251.002,140.961,308.25,73.167,428.398,569.098,273.391,178.443,186.671,435.037
2025-07-01,323.048,313.263,360.048,351.764,228.011,272.586,383.808,283.395,281.49,299.107,257.867,328.98,416.271,129.19,583.856,337.077,344.155,277.002,348.21,36.47,237.037,251.308,141.587,309.439,73.029,429.279,567.975,273.452,178.569,188.183,437.053
2025-08-01,323.976,314.608,359.74,356.104,229.406,272.84,384.909,283.247,282.358,298.738,255.253,329.97,417.902,131.989,583.875,338.366,347.509,276.649,349.277,36.62,237.873,251.668,141.394,311.752,72.991,430.753,567.117,273.91,178.698,188.96,436.917
2025-09-01,324.8,316.042,361.894,358.019,231.144,271.583,385.451,283.589,285.595,296.887,251.728,330.804,418.598,135.424,584.858,339.443,349.716,277.71,349.773,36.7,237.937,252.169,141.827,314.267,72.818,430.246,569.046,274.301,178.77,187.121,438.31
2025-10-01,,,,,,,,,277.021,,,,,,,,,,,36.85,,,,,,,,,178.723,186.962,
2025-11-01,324.122,313.954,361.255,355.125,231.235,266.491,387.202,279.588,276.152,294.939,257.731,330.425,418.593,129.763,585.213,338.857,347.565,275.668,349.973,37.0,239.371,253.116,140.821,314.643,73.133,430.623,568.885,272.615,178.575,186.367,441.457
2025-12-01,324.054,315.664,361.984,355.246,232.021,268.951,389.889,274.131,261.466,295.121,268.415,330.506,420.134,128.122,587.144,340.78,346.815,279.814,351.072,37.02,241.356,254.727,142.505,314.408,71.781,431.766,569.656,268.63,178.034,183.265,446.056
2026-01-01,325.252,317.431,366.83,358.84,235.761,271.185,390.471,272.668,254.887,299.731,270.302,331.95,421.526,130.685,590.169,342.096,346.613,279.657,352.54,37.15,241.289,255.479,143.627,314.649,72.17,433.225,569.61,267.521,178.668,177.714,450.139
2026-02-01,326.785,318.898,367.174,362.604,238.081,269.599,391.706,277.179,263.378,296.798,277.644,333.242,422.776,136.132,592.593,343.424,346.309,282.185,353.737,37.29,241.935,256.338,143.98,314.879,71.819,434.43,568.742,269.607,178.841,175.559,453.028
2026-03-01,330.213,318.755,365.909,364.219,237.455,267.992,392.652,310.28,328.874,299.028,268.466,334.391,424.45,138.582,592.286,343.691,345.203,283.125,355.096,37.38,242.664,256.804,143.898,315.336,71.854,437.338,560.172,283.431,179.0,176.154,454.881
