Date,UNRATE,LNS14000001,LNS14000002,LNS14000003,LNS14000006,LNS14000009,LNS14032183,LNS14000012,LNS14000013,LNS14000014,LNS14000015,LNS14000018,LNS14000024,LNS14000025,LNS14000026,LNS14000028,LNS14000029,LNS14000031,LNS14000036,LNS14000037,LNS14000038,LNS14000048,LNS14000049,LNS14000050,LNS14000060,LNS14000061,LNS14000062,LNS14000086,LNS14000088,LNS14000089,LNS14000091,LNS14000093,LNS14000150,LNS14000152,LNS14000154,LNS14000164,LNS14000173,LNS14000182,LNS14024230,LNS14000315,LNS14000317,LNS14000319,LNS14000327,LNS14000334,LNS14000341,LNS14023557,LNS14023569,LNS14023705,LNS14024885,LNS14024886,LNS14024887,LNS14027659,LNS14027660,LNS14027662,LNS14027689,LNS14100000,LNS14200000,PRUR,U2RATE,U4RATE,U5RATE
2000-01-01,4.0,3.9,4.1,3.4,8.2,5.6,,12.7,14.3,10.9,11.1,23.1,3.5,3.3,3.7,2.8,3.1,7.7,7.5,7.5,7.5,3.0,2.8,3.2,3.1,2.9,3.3,14.4,11.4,3.6,3.0,2.6,2.0,15.0,13.6,3.3,2.7,2.6,2.7,2.7,13.6,9.1,3.9,3.4,2.7,1.4,0.3,0.5,10.0,8.8,9.4,6.4,3.4,1.8,2.6,3.9,4.7,11.2,1.8,4.2,4.8
2000-02-01,4.1,4.1,4.1,3.6,8.1,5.7,,13.8,14.6,12.9,12.4,24.1,3.5,3.5,3.6,2.9,3.1,7.5,7.6,7.4,7.8,3.0,3.0,3.1,3.0,3.0,3.1,15.5,12.3,3.6,3.1,2.4,2.1,16.6,13.2,3.5,3.0,2.4,2.8,2.6,14.3,11.3,3.6,3.3,2.3,1.4,0.3,0.5,10.1,9.7,9.9,6.0,3.4,1.6,3.0,3.9,5.0,10.8,1.9,4.3,4.9
2000-03-01,4.0,3.8,4.3,3.5,7.4,6.1,,13.3,12.8,13.9,11.7,24.6,3.4,3.2,3.7,2.8,3.2,6.6,7.4,7.3,7.6,3.0,2.8,3.2,3.0,2.8,3.3,15.3,11.9,3.7,3.2,2.2,1.9,16.2,10.3,3.5,2.8,2.1,2.7,2.7,14.4,13.6,4.0,3.6,2.3,1.4,0.3,0.6,9.3,10.0,9.6,6.6,3.3,1.7,2.8,3.8,5.0,10.5,1.8,4.2,4.8
2000-04-01,3.8,3.7,4.0,3.4,7.0,5.5,,12.6,13.6,11.5,11.6,20.0,3.3,3.1,3.5,2.7,3.0,6.5,7.2,7.2,7.1,2.9,2.7,3.1,2.9,2.7,3.2,14.8,11.1,3.5,3.0,2.1,1.8,16.1,12.0,3.2,2.7,2.2,2.3,2.6,13.5,10.2,3.9,3.5,2.0,1.3,0.3,0.6,9.6,8.8,9.2,6.2,3.3,1.5,2.6,3.7,4.5,10.3,1.6,4.1,4.7
2000-05-01,4.0,3.9,4.2,3.5,7.7,5.8,,12.8,13.3,12.1,10.9,23.7,3.5,3.3,3.7,2.8,3.3,7.0,8.0,8.1,7.8,3.0,2.8,3.2,3.1,2.8,3.4,15.9,11.0,3.8,3.0,2.4,1.9,16.7,11.5,3.6,2.6,2.2,2.5,2.8,15.1,10.6,4.1,3.5,2.5,1.4,0.3,0.6,10.0,9.5,9.8,6.9,3.4,1.6,2.6,3.9,5.2,10.1,1.7,4.2,4.8
2000-06-01,4.0,3.8,4.1,3.4,7.8,5.6,,12.3,14.1,10.4,10.4,26.0,3.4,3.2,3.7,2.8,3.2,6.8,7.5,6.8,8.3,3.0,2.8,3.2,3.1,2.9,3.3,14.4,10.9,3.6,3.1,2.5,1.9,16.2,12.5,3.2,3.0,2.5,2.3,2.6,12.4,9.1,4.1,3.2,2.6,1.4,0.3,0.5,9.5,9.1,9.3,6.3,3.4,1.6,2.7,3.8,4.8,10.0,1.7,4.2,4.7
2000-07-01,4.0,3.9,4.2,3.5,7.7,5.8,,13.4,14.4,12.4,11.4,25.9,3.5,3.3,3.7,2.8,3.3,6.7,7.0,7.2,6.8,3.0,2.8,3.3,3.2,2.9,3.5,15.9,11.8,3.9,3.1,2.5,2.0,17.5,12.3,3.5,2.6,2.5,2.5,2.8,14.3,11.2,4.4,3.6,2.4,1.4,0.3,0.6,9.8,8.9,9.3,6.4,3.4,1.7,2.8,3.8,5.1,9.9,1.7,4.2,4.8
2000-08-01,4.1,3.9,4.3,3.6,7.9,5.9,,14.0,15.4,12.6,11.9,26.6,3.5,3.3,3.8,2.8,3.4,7.1,6.6,6.8,6.3,3.1,2.8,3.5,3.2,2.9,3.6,16.5,12.8,3.8,3.1,2.7,2.0,15.8,15.5,3.2,2.7,2.8,2.7,2.9,17.2,9.7,4.6,3.6,2.6,1.4,0.4,0.5,9.9,8.6,9.3,6.2,3.7,1.9,2.8,4.0,4.8,9.8,1.9,4.2,4.8
2000-09-01,3.9,3.9,4.0,3.5,7.3,5.8,,13.0,13.8,12.3,11.6,24.7,3.4,3.3,3.5,2.9,3.1,6.6,6.5,7.0,6.1,3.0,2.9,3.2,3.1,2.9,3.2,15.8,11.4,3.7,2.9,2.6,2.1,17.5,11.5,3.5,2.7,2.6,2.7,2.7,14.0,11.2,4.0,3.2,2.6,1.3,0.3,0.6,9.4,8.4,8.9,6.2,3.5,1.9,2.6,3.8,4.7,9.7,1.8,4.1,4.7
2000-10-01,3.9,3.9,3.9,3.4,7.3,5.1,,12.8,13.3,12.2,11.2,24.6,3.3,3.3,3.3,2.9,2.9,6.9,6.7,7.2,6.1,2.9,2.9,3.0,3.0,2.9,3.1,15.3,11.2,3.7,2.8,2.5,2.1,17.5,11.0,3.4,2.7,2.5,2.7,2.4,12.9,11.5,3.9,2.8,2.6,1.3,0.3,0.6,9.4,8.3,8.9,6.4,3.6,1.6,2.4,3.8,4.5,9.7,1.7,4.0,4.6
2000-11-01,3.9,3.9,4.0,3.5,7.3,6.0,,13.0,13.7,12.4,11.7,22.1,3.4,3.4,3.4,2.9,3.0,6.8,6.8,7.3,6.3,3.0,2.9,3.1,3.0,2.9,3.2,15.6,11.4,3.7,2.9,2.4,2.2,17.4,11.3,3.3,2.9,2.4,2.8,2.5,13.8,11.4,4.1,2.9,2.4,1.4,0.3,0.5,9.5,8.6,9.1,6.5,3.5,1.5,2.6,3.8,4.6,9.8,1.8,4.1,4.7
2000-12-01,3.9,4.0,3.8,3.5,7.4,5.7,,13.2,14.4,11.8,11.6,26.3,3.4,3.4,3.3,3.0,3.0,7.1,7.0,7.3,6.6,2.9,2.9,2.9,3.0,2.9,3.1,15.5,11.6,3.7,2.9,2.5,2.2,18.8,11.8,3.4,2.9,2.5,2.4,2.6,12.3,11.3,4.0,2.8,2.6,1.3,0.3,0.5,9.9,8.5,9.2,5.9,3.5,1.5,2.7,3.8,4.5,10.0,1.8,4.1,4.7
2001-01-01,4.2,4.2,4.1,3.6,8.2,5.8,,13.8,15.6,11.9,11.9,27.9,3.6,3.6,3.6,3.2,3.1,6.9,7.3,7.7,6.8,3.2,3.1,3.3,3.3,3.1,3.4,17.7,11.5,4.1,3.1,2.7,2.3,21.3,12.3,3.8,2.9,2.6,2.7,2.6,13.9,10.7,4.4,3.3,2.7,1.4,0.3,0.6,10.5,8.6,9.6,6.7,3.8,1.6,3.0,4.1,4.9,10.4,1.9,4.4,5.0
2001-02-01,4.2,4.3,4.2,3.7,7.7,6.1,,13.7,15.2,12.1,11.2,30.5,3.7,3.7,3.7,3.3,3.3,6.7,7.4,8.3,6.3,3.2,3.1,3.4,3.3,3.1,3.5,17.5,11.0,4.0,3.1,2.8,2.3,18.9,12.9,3.6,3.0,2.8,2.8,2.6,16.1,8.9,4.4,3.2,2.9,1.3,0.3,0.6,10.8,8.4,9.6,7.5,3.7,1.6,2.8,4.1,4.9,10.8,2.0,4.4,5.1
2001-03-01,4.3,4.3,4.2,3.7,8.3,6.2,,13.8,14.0,13.5,11.4,29.3,3.7,3.8,3.6,3.3,3.2,7.9,7.6,8.8,6.4,3.2,3.2,3.2,3.3,3.2,3.5,16.2,12.1,4.1,3.2,2.8,2.4,16.5,12.2,3.8,3.1,2.8,2.7,2.7,15.8,12.0,4.4,3.2,2.8,1.3,0.3,0.6,10.7,8.9,9.8,6.8,3.8,2.0,2.7,4.1,4.9,11.1,2.1,4.5,5.0
2001-04-01,4.4,4.5,4.3,3.9,8.0,6.4,,13.9,14.8,13.0,11.8,29.4,3.8,3.9,3.7,3.4,3.4,8.1,8.1,8.5,7.7,3.3,3.4,3.3,3.4,3.5,3.3,16.8,12.2,4.3,3.1,2.9,2.5,19.0,12.0,4.0,3.3,3.0,2.7,2.8,14.4,12.4,4.6,2.8,2.7,1.4,0.3,0.5,10.7,9.6,10.2,6.8,3.7,2.1,2.9,4.2,5.3,11.2,2.1,4.6,5.1
2001-05-01,4.3,4.4,4.2,3.8,7.9,6.3,,13.4,15.0,11.8,11.9,23.8,3.8,3.9,3.8,3.3,3.3,7.8,8.1,9.0,7.1,3.3,3.3,3.4,3.5,3.4,3.6,15.4,12.4,4.3,3.4,2.8,2.6,16.8,14.0,4.0,3.4,2.8,2.6,2.9,13.9,10.6,4.6,3.4,2.9,1.3,0.3,0.6,11.0,8.8,9.9,6.6,3.9,2.1,3.0,4.3,4.6,11.3,2.2,4.6,5.1
2001-06-01,4.5,4.6,4.4,4.0,8.3,6.6,,14.2,15.5,12.9,12.5,27.7,4.0,4.0,3.9,3.5,3.4,7.8,8.2,9.4,7.0,3.5,3.4,3.5,3.6,3.5,3.7,16.2,13.0,4.5,3.5,2.8,2.6,17.8,13.9,4.2,3.3,3.0,2.7,3.0,14.6,11.9,4.9,3.6,2.7,1.3,0.3,0.6,11.5,9.1,10.4,6.9,3.8,2.2,3.0,4.4,5.1,11.4,2.3,4.7,5.3
2001-07-01,4.6,4.6,4.5,4.0,8.0,6.2,,14.4,15.1,13.7,12.9,25.3,4.0,4.1,3.9,3.5,3.5,8.0,7.9,8.4,7.3,3.5,3.5,3.5,3.7,3.6,3.7,17.6,12.2,4.3,3.7,3.0,2.7,18.2,13.0,4.0,3.7,3.1,2.9,2.9,17.1,11.2,4.7,3.6,2.8,1.4,0.3,0.6,10.8,9.6,10.2,6.8,4.1,2.2,3.0,4.5,5.1,11.6,2.3,4.8,5.4
2001-08-01,4.9,5.0,4.8,4.3,9.1,6.5,,15.6,17.0,14.1,13.9,29.4,4.3,4.4,4.3,3.8,3.7,9.1,8.9,9.5,8.3,3.8,3.8,3.8,3.9,3.9,4.0,18.1,14.3,4.8,3.7,3.3,2.8,20.6,15.2,4.6,3.7,3.4,3.0,3.2,15.7,13.3,5.0,3.8,3.1,1.5,0.3,0.6,12.0,10.3,11.2,7.2,4.4,2.3,3.3,4.8,5.3,11.7,2.4,5.1,5.8
2001-09-01,5.0,4.9,5.0,4.3,8.9,6.7,,15.2,16.1,14.2,13.0,28.5,4.4,4.3,4.4,3.8,3.8,7.8,8.4,8.5,8.3,3.9,3.8,4.0,4.0,3.9,4.1,16.2,14.3,4.8,4.0,3.2,2.8,18.2,14.6,4.6,3.9,3.1,3.3,3.3,14.0,14.0,4.9,4.1,3.2,1.5,0.3,0.6,11.1,10.4,10.8,7.7,4.4,2.5,3.4,5.0,4.6,11.8,2.5,5.2,5.8
2001-10-01,5.3,5.4,5.2,4.7,9.5,7.1,,16.0,17.7,14.2,13.6,31.2,4.7,4.8,4.7,4.4,4.0,8.1,9.1,9.6,8.6,4.2,4.2,4.2,4.4,4.3,4.4,17.5,14.9,5.2,4.2,3.7,3.2,21.0,15.9,4.7,4.3,4.0,3.5,3.5,14.0,13.8,5.8,4.1,3.4,1.5,0.3,0.6,12.4,10.6,11.5,7.6,4.7,2.6,4.1,5.3,5.5,11.8,3.0,5.6,6.3
2001-11-01,5.5,5.7,5.4,4.9,9.8,7.3,,15.9,18.2,13.6,13.7,32.9,4.9,5.0,4.8,4.6,4.2,8.5,9.3,10.2,8.3,4.4,4.4,4.4,4.6,4.5,4.7,17.5,15.0,5.7,4.5,3.6,3.3,20.7,16.5,5.1,4.3,4.1,3.5,3.6,14.3,13.4,6.5,4.7,3.1,1.5,0.3,0.6,12.9,10.2,11.6,8.0,5.0,2.9,4.2,5.5,5.5,11.6,3.1,5.8,6.4
2001-12-01,5.7,5.8,5.7,5.1,10.1,7.7,,17.0,18.2,15.8,14.5,34.8,5.1,5.1,5.1,4.6,4.5,9.0,9.7,10.4,8.9,4.5,4.4,4.5,4.7,4.5,4.8,19.4,15.4,5.9,4.4,3.7,3.4,21.4,16.1,5.4,4.3,3.9,3.9,3.7,17.4,14.5,6.5,4.6,3.4,1.7,0.4,0.6,13.0,11.3,12.2,8.3,4.9,3.0,4.2,5.8,5.5,11.4,3.1,5.9,6.6
2002-01-01,5.7,5.8,5.5,5.1,10.0,7.8,,16.5,17.6,15.4,14.6,31.5,5.1,5.2,4.9,4.7,4.3,8.9,9.8,10.5,9.0,4.5,4.6,4.5,4.7,4.7,4.7,18.8,15.3,5.8,4.6,3.8,3.5,20.9,15.7,5.6,4.5,4.0,3.6,3.6,16.8,15.0,6.0,4.6,3.6,1.6,0.3,0.6,12.9,11.2,12.1,8.2,5.3,2.9,4.3,5.8,5.3,11.2,3.1,5.9,6.6
2002-02-01,5.7,5.8,5.5,5.0,9.9,7.0,,16.0,17.2,14.7,14.0,30.1,5.1,5.2,5.0,4.6,4.4,8.9,9.7,10.6,8.7,4.5,4.5,4.6,4.7,4.6,4.8,17.7,14.8,5.8,4.4,3.9,3.5,20.7,15.6,5.5,4.2,4.1,3.9,3.8,14.8,14.0,6.2,4.5,3.8,1.6,0.4,0.6,12.8,10.8,11.8,8.3,5.3,2.9,4.2,5.9,4.9,13.4,3.1,5.9,6.5
2002-03-01,5.7,5.9,5.6,5.0,10.5,7.5,,16.6,18.3,14.9,14.4,32.0,5.1,5.2,5.0,4.6,4.3,9.6,10.3,11.3,9.2,4.5,4.5,4.5,4.7,4.7,4.7,18.6,15.2,5.8,4.5,3.9,3.5,21.3,16.2,5.8,4.3,4.1,3.6,3.7,15.9,14.1,5.8,4.6,3.7,1.7,0.4,0.6,13.6,11.2,12.5,8.1,5.4,2.8,4.3,5.8,5.2,12.8,3.1,6.0,6.6
2002-04-01,5.9,6.0,5.9,5.2,10.7,8.0,,16.7,17.8,15.6,14.1,34.5,5.3,5.4,5.3,4.8,4.5,9.3,10.0,10.4,9.5,4.8,4.8,4.8,4.9,4.9,4.9,19.9,14.9,6.1,4.7,4.0,4.0,20.3,16.5,6.0,4.5,4.2,4.0,3.9,19.6,13.2,6.3,4.9,3.8,1.7,0.4,0.7,12.9,11.6,12.3,9.1,5.5,2.9,4.6,6.1,5.2,12.5,3.2,6.1,6.9
2002-05-01,5.8,5.8,5.7,5.1,10.2,7.1,,16.6,18.2,14.8,14.5,29.2,5.2,5.2,5.2,4.7,4.5,8.7,9.0,9.6,8.5,4.8,4.8,4.8,5.0,4.8,5.1,20.3,14.4,5.9,4.7,4.3,3.6,22.5,15.3,5.7,4.4,4.4,3.9,3.9,17.7,13.5,6.2,5.1,4.1,1.7,0.3,0.6,12.5,10.6,11.6,8.3,5.5,2.9,4.8,5.9,5.4,12.4,3.2,6.1,6.8
2002-06-01,5.8,6.0,5.6,5.1,10.5,7.4,,16.7,18.4,14.8,14.6,29.4,5.2,5.3,5.1,4.7,4.4,10.2,9.3,9.4,9.1,4.7,4.8,4.6,4.8,4.9,4.7,19.1,15.0,5.9,4.3,4.4,3.9,21.1,16.8,6.2,4.2,4.5,3.9,3.7,17.0,13.2,5.5,4.5,4.3,1.6,0.4,0.6,12.4,11.1,11.8,7.8,5.4,3.0,4.6,5.9,4.9,12.4,3.2,6.0,6.7
2002-07-01,5.8,5.9,5.7,5.2,9.8,7.4,,16.8,18.6,14.9,15.6,25.5,5.2,5.3,5.1,4.7,4.4,9.2,9.7,9.8,9.5,4.6,4.7,4.5,4.8,4.9,4.8,18.9,15.4,5.8,4.6,4.2,3.5,21.5,16.5,5.8,4.7,4.2,3.7,3.7,16.3,14.1,5.8,4.4,4.3,1.6,0.4,0.6,12.7,11.4,12.1,8.6,5.1,3.0,4.4,5.9,5.4,12.4,3.2,6.0,6.8
2002-08-01,5.7,5.9,5.5,5.1,9.8,7.5,,17.0,19.8,14.1,14.9,30.0,5.1,5.2,5.0,4.7,4.4,9.1,9.5,10.0,8.9,4.6,4.6,4.5,4.7,4.7,4.7,19.2,15.8,5.8,4.4,4.0,3.5,23.0,18.3,5.6,4.4,4.3,3.9,3.6,15.5,13.2,6.1,4.4,3.6,1.6,0.4,0.6,13.2,10.6,12.0,8.4,5.2,2.8,4.4,5.8,5.6,12.3,3.2,6.0,6.7
2002-09-01,5.7,5.9,5.5,5.1,9.7,7.4,,16.3,18.3,14.3,14.3,27.8,5.1,5.2,4.9,4.8,4.3,9.2,9.4,10.0,8.7,4.5,4.6,4.4,4.7,4.7,4.6,19.3,14.3,5.7,4.6,3.9,3.6,21.3,16.3,5.6,4.5,4.1,3.8,3.6,17.5,12.1,5.8,4.7,3.6,1.6,0.4,0.5,12.8,10.6,11.7,7.8,5.0,2.9,4.6,5.7,5.3,12.1,3.1,5.9,6.6
2002-10-01,5.7,5.8,5.6,5.1,9.8,7.9,,15.1,16.1,14.1,14.2,24.0,5.2,5.3,5.1,4.8,4.4,9.7,10.0,10.3,9.7,4.6,4.7,4.5,4.8,4.9,4.7,15.5,14.6,5.7,4.8,3.9,3.5,17.4,15.3,5.7,4.9,4.0,3.9,3.8,13.5,14.0,5.6,4.7,3.9,1.6,0.3,0.6,12.2,11.3,11.8,8.7,4.9,3.0,4.6,5.8,5.2,11.9,3.2,6.0,6.6
2002-11-01,5.9,6.1,5.6,5.1,10.7,7.8,,17.1,18.4,15.7,14.8,31.2,5.3,5.5,5.0,4.9,4.2,10.4,9.6,10.0,9.2,4.7,5.0,4.5,5.0,5.1,4.7,19.6,15.8,6.0,4.9,4.0,3.6,21.8,16.4,6.2,5.0,4.2,3.6,3.7,17.4,15.2,5.8,4.8,3.7,1.6,0.4,0.6,12.8,11.4,12.1,9.0,5.2,2.9,4.7,6.0,5.1,11.7,3.3,6.1,6.8
2002-12-01,6.0,6.2,5.7,5.1,11.3,7.9,,16.9,18.3,15.5,13.9,36.0,5.4,5.6,5.1,4.9,4.3,10.5,9.8,10.2,9.3,4.8,5.0,4.6,4.9,5.1,4.7,17.8,16.1,6.1,4.7,4.1,3.7,19.5,17.4,6.1,4.8,4.6,4.3,3.7,16.2,14.8,6.1,4.7,3.5,1.7,0.4,0.6,12.8,11.4,12.1,8.9,5.3,2.9,4.9,6.1,5.3,11.7,3.3,6.2,6.9
2003-01-01,5.8,6.2,5.4,5.2,10.5,7.9,5.5,17.2,19.1,15.3,15.2,30.7,5.2,5.6,4.9,5.0,4.2,10.4,9.4,9.8,9.0,4.7,5.0,4.4,4.8,5.1,4.5,18.9,16.1,6.0,4.6,3.9,3.6,20.2,18.0,6.2,4.8,4.4,4.1,3.5,17.6,14.2,5.7,4.4,3.4,1.6,0.4,0.6,12.8,11.2,12.0,8.8,5.2,3.0,4.7,6.0,5.4,11.9,3.2,6.1,6.8
2003-02-01,5.9,6.1,5.6,5.1,10.7,7.7,5.8,17.2,19.5,14.9,15.2,31.6,5.3,5.5,5.1,4.8,4.3,10.3,9.5,9.7,9.4,4.8,5.0,4.6,5.0,5.1,4.9,19.0,16.1,5.8,5.2,4.0,3.7,19.5,19.6,5.6,5.0,4.6,3.9,3.7,18.5,12.3,6.0,5.4,3.3,1.6,0.4,0.5,12.8,11.3,12.1,8.9,5.4,3.0,4.7,6.0,5.5,12.1,3.3,6.2,6.9
2003-03-01,5.9,6.1,5.7,5.1,10.3,7.8,6.5,17.8,20.4,15.3,15.6,33.9,5.3,5.4,5.1,4.7,4.4,9.6,9.1,9.2,9.1,4.8,4.9,4.6,5.0,5.1,4.9,17.3,17.8,5.8,4.8,4.4,3.8,18.2,21.0,5.7,4.8,4.7,3.9,3.8,16.5,14.5,5.8,4.8,4.1,1.7,0.4,0.6,12.6,11.2,12.0,8.6,5.5,3.1,4.8,6.0,5.5,12.3,3.3,6.2,6.9
2003-04-01,6.0,6.4,5.7,5.3,10.9,7.6,6.0,17.7,19.7,15.6,15.3,32.1,5.4,5.7,5.1,5.1,4.3,10.6,10.2,10.9,9.5,4.9,5.1,4.6,5.0,5.2,4.7,19.3,17.0,5.9,4.8,4.2,3.9,21.7,18.9,5.9,5.2,4.6,4.2,3.6,17.1,15.0,5.9,4.4,3.8,1.7,0.4,0.6,13.6,11.6,12.6,8.5,5.7,3.0,4.8,6.2,5.5,12.4,3.3,6.3,7.0
2003-05-01,6.1,6.4,5.7,5.4,10.9,8.0,5.5,17.9,19.8,15.9,15.0,36.1,5.5,5.8,5.2,5.1,4.6,11.1,10.4,11.4,9.4,4.9,5.2,4.6,5.1,5.3,4.8,18.2,17.7,6.1,5.1,4.1,3.9,20.6,19.3,6.1,5.3,4.6,4.3,3.7,15.8,16.1,6.1,4.9,3.5,1.7,0.4,0.5,14.0,11.6,12.9,9.0,5.6,3.0,4.9,6.2,5.5,12.4,3.5,6.4,7.1
2003-06-01,6.3,6.7,5.9,5.5,11.5,8.3,7.4,19.0,19.9,18.2,16.3,37.9,5.6,6.0,5.2,5.3,4.4,11.1,10.4,11.4,9.3,5.1,5.4,4.7,5.2,5.5,4.9,20.9,17.5,6.3,5.3,4.0,4.2,22.6,18.0,6.5,5.5,4.3,4.4,3.8,19.3,17.0,6.1,5.1,3.7,1.8,0.4,0.6,14.1,12.3,13.2,9.4,5.7,3.1,4.9,6.4,5.7,12.2,3.4,6.6,7.2
2003-07-01,6.2,6.6,5.7,5.4,10.9,8.0,5.9,18.2,20.5,15.9,15.8,34.0,5.5,5.9,5.1,5.3,4.3,10.2,10.6,11.9,9.0,4.9,5.2,4.6,5.1,5.3,4.8,20.1,16.8,6.1,5.2,4.0,3.9,22.4,19.3,6.4,5.3,4.3,4.1,3.8,17.9,14.2,5.8,5.0,3.7,1.7,0.5,0.5,14.6,11.3,13.0,8.8,5.4,3.1,5.0,6.3,5.5,12.1,3.4,6.4,7.1
2003-08-01,6.1,6.3,5.8,5.4,10.9,7.7,6.0,16.6,17.4,15.7,14.9,29.6,5.5,5.8,5.2,5.2,4.4,10.5,10.3,10.5,10.0,5.0,5.3,4.6,5.1,5.4,4.8,18.6,15.4,6.3,5.0,4.2,3.9,20.6,15.6,6.8,5.2,4.4,4.2,3.8,16.7,15.1,5.8,4.7,3.9,1.7,0.4,0.5,12.7,11.9,12.3,9.3,5.4,3.2,4.9,6.2,5.5,11.9,3.4,6.4,7.1
2003-09-01,6.1,6.4,5.8,5.3,11.1,7.3,6.4,17.6,19.8,15.4,15.3,32.5,5.5,5.7,5.3,5.0,4.5,10.9,10.5,11.1,9.7,4.9,5.1,4.7,5.1,5.3,4.9,19.3,16.4,6.3,4.8,4.2,3.8,22.4,18.1,6.6,4.9,4.3,4.0,3.9,16.2,14.5,6.0,4.8,4.1,1.6,0.5,0.6,13.8,11.6,12.8,8.6,5.3,3.2,4.9,6.1,5.9,11.8,3.4,6.4,7.1
2003-10-01,6.0,6.2,5.7,5.1,11.4,7.5,6.2,17.2,19.0,15.3,14.4,37.4,5.4,5.6,5.1,4.9,4.4,10.4,9.8,10.5,9.1,4.9,5.0,4.7,5.1,5.3,5.0,19.8,15.4,6.3,5.0,4.1,3.8,20.8,17.7,6.5,4.9,4.4,3.8,3.8,18.8,12.9,6.0,5.2,3.7,1.7,0.4,0.5,13.2,11.1,12.2,9.0,5.5,3.1,4.8,6.1,5.4,11.6,3.3,6.3,7.0
2003-11-01,5.8,6.2,5.4,5.2,10.2,7.4,5.2,15.7,18.5,12.8,14.2,28.6,5.3,5.6,5.0,5.0,4.3,9.9,10.3,11.1,9.4,4.8,5.0,4.5,4.9,5.1,4.7,17.0,14.9,6.0,4.8,4.0,3.7,18.3,18.2,6.1,4.8,4.5,3.9,3.7,15.7,11.5,5.8,4.9,3.4,1.6,0.4,0.6,13.4,10.6,12.1,8.7,5.3,3.1,4.7,6.0,5.0,11.5,3.2,6.1,6.8
2003-12-01,5.7,5.8,5.6,5.0,10.1,6.7,5.4,16.2,17.4,15.0,14.6,28.7,5.1,5.2,5.1,4.7,4.3,9.3,9.5,10.3,8.6,4.6,4.6,4.7,4.8,4.7,4.9,18.5,14.7,5.9,4.7,3.9,3.3,18.5,16.8,5.9,4.5,3.9,3.9,3.8,18.6,12.4,5.9,5.0,3.8,1.6,0.5,0.5,12.6,10.7,11.7,7.9,5.4,3.0,4.4,5.8,5.2,11.4,3.1,5.9,6.6
2004-01-01,5.7,5.7,5.7,5.0,10.4,7.3,5.0,17.0,17.7,16.2,14.6,33.5,5.1,5.2,5.1,4.6,4.4,9.6,9.7,10.4,8.8,4.6,4.5,4.6,4.7,4.7,4.8,18.9,15.8,5.8,4.5,4.0,3.3,20.4,15.7,5.8,4.4,4.0,3.7,3.7,17.3,15.8,5.9,4.5,4.0,1.7,0.5,0.6,12.7,11.3,12.0,9.1,4.9,2.9,4.5,5.7,5.5,11.4,3.0,6.0,6.7
2004-02-01,5.6,5.6,5.5,4.9,9.7,7.4,4.5,16.5,16.9,16.2,15.2,25.5,5.0,5.1,4.9,4.5,4.2,9.2,9.5,10.0,8.9,4.5,4.5,4.5,4.7,4.7,4.6,17.8,15.6,5.7,4.5,3.9,3.3,18.9,15.8,5.9,4.5,3.7,3.8,3.7,16.9,15.4,5.4,4.6,4.0,1.6,0.5,0.6,12.1,11.3,11.7,8.6,5.0,2.9,4.3,5.6,5.2,11.3,2.9,5.9,6.6
2004-03-01,5.8,5.8,5.8,5.1,10.3,7.6,4.3,16.8,18.5,15.1,15.2,30.0,5.2,5.2,5.3,4.7,4.6,9.4,9.8,10.4,9.0,4.7,4.6,4.7,4.9,4.8,5.0,19.8,14.9,5.8,4.8,4.1,3.2,22.2,16.2,5.8,4.6,3.9,3.7,3.8,17.7,13.4,5.8,5.0,4.2,1.7,0.4,0.6,12.9,11.0,12.0,8.8,5.3,2.9,4.7,5.8,5.4,11.2,3.1,6.1,6.8
2004-04-01,5.6,5.7,5.4,5.0,9.8,7.1,4.7,16.6,18.7,14.5,15.7,27.5,5.0,5.1,4.9,4.6,4.2,9.4,9.3,10.1,8.4,4.5,4.4,4.5,4.6,4.5,4.7,21.1,14.3,5.5,4.4,4.0,3.2,24.3,16.1,5.5,4.2,3.9,3.8,3.7,18.1,12.3,5.4,4.6,4.0,1.6,0.4,0.6,12.8,10.4,11.6,8.6,5.3,2.9,4.1,5.6,5.4,11.0,3.0,5.9,6.6
2004-05-01,5.6,5.8,5.4,4.9,10.1,6.9,4.6,17.1,18.7,15.4,15.3,32.6,5.0,5.2,4.8,4.7,4.1,9.3,9.7,10.4,9.0,4.4,4.6,4.2,4.6,4.7,4.4,21.3,14.4,5.6,4.3,3.8,3.2,23.3,16.4,6.0,4.2,3.9,4.0,3.3,19.6,12.3,5.2,4.4,3.8,1.7,0.5,0.6,13.0,11.1,12.1,8.8,5.1,2.9,4.0,5.7,5.0,10.8,2.9,5.9,6.6
2004-06-01,5.6,5.7,5.6,5.0,10.2,6.6,4.6,17.0,18.0,15.8,14.8,33.5,5.1,5.1,5.0,4.6,4.4,9.3,9.7,10.3,9.0,4.5,4.4,4.6,4.6,4.4,4.7,20.8,14.3,5.1,4.6,4.0,3.2,22.3,15.7,4.8,4.6,3.9,4.1,3.7,19.3,12.8,5.5,4.7,4.1,1.7,0.4,0.6,12.7,11.2,12.0,8.7,5.2,2.7,4.1,5.6,5.5,10.5,2.8,5.9,6.6
2004-07-01,5.5,5.5,5.5,4.7,11.0,6.8,3.9,17.8,17.8,17.7,15.2,36.7,4.9,5.0,4.8,4.2,4.1,10.5,9.3,9.9,8.7,4.4,4.4,4.4,4.5,4.5,4.6,20.3,16.1,5.6,4.3,3.7,3.2,21.3,16.0,5.4,4.3,3.8,3.5,3.4,19.5,16.3,6.0,4.4,3.6,1.5,0.5,0.6,12.4,11.7,12.1,8.2,5.0,2.6,4.2,5.6,5.1,10.2,2.9,5.8,6.5
2004-08-01,5.4,5.6,5.2,4.7,10.5,6.8,3.7,16.7,18.1,15.3,15.1,28.8,4.8,5.0,4.7,4.3,4.0,10.5,9.0,9.8,8.2,4.3,4.4,4.2,4.5,4.5,4.4,20.7,14.8,5.4,4.3,3.7,3.1,22.1,16.4,5.3,4.3,3.9,3.7,3.4,19.4,12.9,5.6,4.3,3.4,1.6,0.5,0.6,12.4,10.5,11.5,8.1,4.9,2.7,4.1,5.4,5.3,10.0,2.7,5.8,6.4
2004-09-01,5.4,5.6,5.2,4.6,10.3,6.8,4.5,16.6,18.2,14.9,14.7,28.6,4.8,5.0,4.6,4.3,3.9,10.2,9.4,10.3,8.4,4.3,4.3,4.2,4.4,4.4,4.4,19.3,14.8,5.1,4.5,3.6,3.0,20.6,16.8,5.2,4.3,3.8,3.7,3.0,18.1,12.7,5.1,4.7,3.4,1.6,0.5,0.6,12.8,10.6,11.7,8.7,4.7,2.6,4.1,5.5,5.0,10.0,2.7,5.7,6.4
2004-10-01,5.5,5.6,5.3,4.6,10.8,6.8,4.9,17.4,19.6,15.0,15.0,34.9,4.8,4.9,4.7,4.2,4.0,10.2,9.7,10.1,9.2,4.2,4.3,4.2,4.3,4.3,4.3,20.1,15.4,5.4,4.1,3.6,3.0,21.9,17.8,5.1,4.0,3.9,3.8,3.1,18.2,12.8,5.8,4.1,3.2,1.6,0.5,0.6,13.1,11.1,12.1,8.4,4.8,2.5,4.2,5.4,5.6,10.0,2.8,5.7,6.5
2004-11-01,5.4,5.5,5.2,4.6,10.7,6.7,4.1,16.4,18.2,14.4,14.2,32.2,4.8,4.9,4.7,4.2,4.0,10.5,9.1,9.9,8.3,4.3,4.3,4.2,4.4,4.4,4.3,20.6,13.7,5.5,4.0,3.7,3.0,22.6,14.7,5.3,4.1,3.9,3.7,3.3,18.6,12.5,5.8,3.9,3.4,1.6,0.5,0.6,12.5,10.3,11.5,8.0,4.8,2.5,4.3,5.4,5.3,10.2,2.7,5.6,6.3
2004-12-01,5.4,5.5,5.1,4.5,10.7,6.6,4.2,17.6,20.5,14.7,15.5,31.9,4.7,4.8,4.6,4.1,3.9,10.6,8.8,9.0,8.6,4.2,4.3,4.1,4.4,4.5,4.3,20.8,15.7,5.6,4.0,3.8,3.0,24.5,18.3,5.8,3.9,3.9,3.4,3.3,17.2,12.9,5.4,4.0,3.7,1.6,0.5,0.6,12.6,10.6,11.7,8.1,4.8,2.5,4.2,5.4,5.3,10.4,2.7,5.6,6.3
2005-01-01,5.3,5.4,5.1,4.5,10.6,6.0,4.1,16.2,18.3,14.1,14.2,29.0,4.7,4.7,4.7,4.0,3.9,10.5,9.5,10.3,8.6,4.1,4.1,4.2,4.3,4.2,4.4,19.5,14.2,5.2,4.1,3.6,3.1,22.7,15.6,4.9,3.9,3.7,3.5,3.2,16.4,12.8,5.5,4.4,3.4,1.6,0.4,0.6,12.8,10.4,11.6,7.7,4.7,2.4,4.1,5.2,5.3,10.6,2.7,5.6,6.3
2005-02-01,5.4,5.5,5.3,4.6,10.9,6.3,4.3,17.5,20.1,14.9,15.6,31.4,4.8,4.8,4.7,4.1,3.9,10.8,10.0,11.2,8.7,4.2,4.1,4.3,4.3,4.2,4.5,20.3,15.7,5.2,4.3,3.5,3.0,23.6,18.0,5.0,4.1,3.5,3.6,3.3,17.2,13.2,5.6,4.5,3.6,1.6,0.5,0.6,14.0,10.8,12.4,7.8,4.9,2.4,4.2,5.4,5.5,10.9,2.6,5.7,6.4
2005-03-01,5.2,5.3,5.1,4.5,10.5,5.8,3.9,17.1,20.1,14.1,14.8,33.9,4.6,4.6,4.6,4.0,3.9,9.4,9.2,9.9,8.4,4.0,4.0,4.1,4.2,4.1,4.3,19.3,15.6,5.3,3.8,3.4,2.9,22.6,18.3,5.1,3.8,3.4,3.5,3.1,16.0,12.7,5.6,3.9,3.5,1.6,0.5,0.6,13.1,10.3,11.8,7.8,4.7,2.4,3.9,5.1,5.5,11.2,2.5,5.5,6.2
2005-04-01,5.2,5.1,5.2,4.4,10.3,6.4,4.2,17.8,20.5,15.0,15.7,35.9,4.5,4.4,4.6,3.8,4.0,9.1,8.9,9.5,8.2,4.0,3.8,4.2,4.1,3.8,4.4,20.6,16.7,5.2,3.8,3.3,2.6,23.4,19.5,5.0,3.5,3.1,3.5,3.3,17.7,13.9,5.5,4.2,3.5,1.6,0.5,0.6,13.0,10.5,11.8,8.2,4.4,2.4,3.9,5.1,5.3,11.3,2.4,5.4,6.1
2005-05-01,5.1,5.0,5.2,4.4,10.1,6.0,4.2,17.8,19.8,15.8,15.1,36.9,4.5,4.3,4.7,3.8,4.0,8.9,8.8,9.1,8.5,3.9,3.8,4.1,4.1,4.0,4.3,20.2,16.2,5.1,3.9,3.5,2.7,22.9,18.1,4.7,3.9,3.4,3.3,3.2,17.6,14.3,5.5,3.9,3.6,1.6,0.5,0.6,12.4,11.0,11.7,7.8,4.5,2.4,3.9,5.0,5.6,11.3,2.4,5.4,6.1
2005-06-01,5.0,5.0,5.1,4.3,10.2,5.7,3.6,16.3,18.8,13.8,14.0,32.9,4.5,4.3,4.6,3.7,3.9,9.4,8.7,9.2,8.1,4.0,3.7,4.2,4.1,3.8,4.5,18.0,15.1,5.2,3.8,3.4,2.6,21.6,17.1,4.6,3.6,3.4,3.1,3.3,14.8,12.9,6.0,4.2,3.5,1.6,0.4,0.6,12.1,10.0,11.1,6.9,4.8,2.3,3.9,5.0,5.4,11.2,2.4,5.3,6.0
2005-07-01,5.0,4.9,5.1,4.2,9.2,5.5,4.8,16.1,18.5,13.7,13.6,32.6,4.4,4.2,4.6,3.7,3.9,8.1,8.2,8.8,7.5,4.0,3.7,4.3,4.1,3.8,4.5,18.7,14.3,5.1,3.7,3.6,2.7,23.7,15.3,4.6,3.4,3.6,3.4,3.3,14.2,13.2,5.7,4.2,3.6,1.6,0.4,0.5,11.8,9.6,10.7,7.5,4.8,2.3,3.7,4.9,5.5,11.2,2.4,5.3,5.9
2005-08-01,4.9,4.9,4.9,4.2,9.7,5.8,3.7,16.1,18.0,14.1,13.5,36.0,4.3,4.3,4.4,3.7,3.7,8.6,8.7,9.8,7.5,3.8,3.7,4.0,4.0,3.8,4.1,18.3,14.9,5.0,3.7,3.2,2.8,21.2,16.4,4.5,3.6,3.3,3.2,3.2,15.7,13.3,5.7,3.8,3.2,1.6,0.4,0.6,12.3,9.8,11.1,7.5,4.7,2.1,3.5,4.9,5.1,11.3,2.3,5.2,5.9
2005-09-01,5.0,5.0,5.1,4.4,9.4,6.4,4.3,15.5,17.1,14.0,13.1,33.3,4.5,4.5,4.6,4.0,4.0,8.7,8.6,9.9,7.2,4.1,3.9,4.3,4.2,4.0,4.4,18.3,13.6,5.3,3.7,3.6,2.8,20.8,14.9,5.0,3.4,3.6,3.6,3.3,16.1,12.4,5.7,4.1,3.6,1.6,0.4,0.6,12.1,9.5,10.8,8.2,4.9,2.3,3.7,5.0,5.3,11.5,2.5,5.3,6.0
2005-10-01,5.0,4.8,5.1,4.4,9.1,6.0,3.2,16.1,16.8,15.5,13.9,33.1,4.4,4.3,4.5,3.8,4.1,8.4,8.3,9.2,7.3,3.9,3.7,4.2,4.1,3.8,4.4,18.2,14.4,4.8,3.9,3.6,2.7,17.5,15.7,4.4,3.4,3.6,3.2,3.3,18.8,13.0,5.3,4.5,3.6,1.6,0.4,0.6,11.5,10.0,10.8,7.3,4.8,2.3,3.8,4.9,5.3,11.7,2.4,5.2,5.9
2005-11-01,5.0,5.0,5.1,4.3,10.6,6.1,3.6,17.0,18.8,15.1,13.6,38.6,4.4,4.3,4.6,3.7,3.9,9.6,8.3,9.2,7.4,4.0,3.7,4.3,4.2,3.9,4.5,20.8,14.4,5.1,3.9,3.6,2.6,22.6,15.7,4.5,3.7,3.5,3.2,3.3,19.2,12.9,5.8,4.2,3.6,1.6,0.4,0.6,12.2,9.9,11.1,7.4,4.8,2.3,3.9,4.9,5.6,11.6,2.3,5.3,6.0
2005-12-01,4.9,4.8,4.9,4.2,9.2,6.1,3.8,14.9,15.5,14.2,13.2,23.5,4.3,4.3,4.4,3.7,3.8,8.7,8.4,9.1,7.5,3.9,3.7,4.0,4.0,3.8,4.3,17.4,13.4,5.1,3.8,3.4,2.6,19.0,13.7,4.4,3.6,3.4,3.2,3.1,15.9,13.0,5.8,3.9,3.3,1.6,0.4,0.5,11.1,9.8,10.5,7.4,4.5,2.1,3.9,4.7,5.3,11.4,2.3,5.1,5.9
2006-01-01,4.7,4.6,4.8,4.1,8.9,5.5,3.0,15.1,16.1,14.2,13.1,29.0,4.2,4.1,4.3,3.6,3.7,7.6,8.2,8.9,7.3,3.7,3.5,3.9,3.8,3.6,4.1,16.4,14.3,4.6,3.7,3.2,2.4,17.3,15.1,4.3,3.2,3.3,3.1,3.0,15.6,13.4,5.1,4.2,3.2,1.5,0.4,0.5,11.2,9.7,10.4,7.0,4.4,2.1,3.6,4.7,4.7,11.0,2.2,4.9,5.6
2006-02-01,4.8,4.8,4.8,4.1,9.5,5.4,3.0,15.3,16.8,13.8,12.9,29.7,4.2,4.2,4.3,3.7,3.7,8.8,8.6,9.2,8.0,3.7,3.7,3.9,4.0,3.8,4.1,17.8,13.8,5.2,3.6,3.2,2.4,20.6,14.8,5.1,3.1,3.3,2.9,2.9,15.2,12.7,5.3,4.1,3.1,1.5,0.5,0.6,11.5,10.0,10.8,7.1,4.4,2.2,3.6,4.7,5.2,10.6,2.2,5.0,5.6
2006-03-01,4.7,4.7,4.7,4.0,9.5,5.2,3.5,16.1,17.1,15.1,13.0,34.9,4.1,4.1,4.2,3.5,3.6,8.4,7.8,8.5,7.0,3.6,3.5,3.8,3.9,3.8,4.0,18.8,14.2,4.8,3.8,3.2,2.5,20.4,14.8,4.4,3.6,3.3,2.6,2.7,17.2,13.7,5.2,4.1,3.0,1.4,0.4,0.6,11.2,9.8,10.5,6.9,4.1,2.2,3.7,4.6,5.2,10.4,2.3,5.0,5.6
2006-04-01,4.7,4.7,4.7,4.1,9.4,5.5,3.9,14.6,16.7,12.5,12.7,29.6,4.2,4.2,4.3,3.6,3.7,8.8,8.2,8.7,7.7,3.7,3.6,3.9,3.9,3.7,4.1,16.3,14.2,4.9,3.8,3.2,2.5,19.0,16.0,4.7,3.5,3.1,3.0,2.9,13.8,12.2,5.2,4.1,3.2,1.4,0.4,0.6,11.2,9.3,10.3,6.9,4.4,2.2,3.8,4.7,5.2,10.5,2.3,5.0,5.6
2006-05-01,4.6,4.7,4.5,4.1,8.7,5.0,3.3,14.0,16.3,11.6,12.6,24.5,4.1,4.2,4.1,3.6,3.6,8.8,8.1,9.0,7.1,3.7,3.6,3.7,3.8,3.8,3.9,15.3,13.2,4.8,3.5,3.3,2.5,18.1,15.5,4.6,3.3,3.5,3.0,3.0,12.5,10.8,5.0,3.8,3.1,1.4,0.3,0.6,11.2,8.6,10.0,7.0,4.3,2.1,3.8,4.5,5.1,10.7,2.3,4.8,5.5
2006-06-01,4.6,4.6,4.6,4.1,8.9,5.2,3.1,15.8,17.6,13.9,13.6,28.3,4.1,4.0,4.1,3.6,3.6,8.0,7.8,7.9,7.7,3.6,3.5,3.7,3.7,3.6,3.9,17.3,14.6,4.6,3.5,3.2,2.5,18.4,17.0,4.6,3.3,3.0,3.0,2.9,16.2,12.0,4.6,3.7,3.4,1.4,0.4,0.5,11.0,9.8,10.4,7.1,4.1,2.1,3.5,4.5,5.3,10.9,2.2,4.9,5.6
2006-07-01,4.7,4.7,4.7,4.1,9.5,5.2,2.4,15.9,17.5,14.2,13.0,32.9,4.2,4.1,4.2,3.6,3.7,9.1,8.4,8.8,8.0,3.7,3.6,3.8,3.8,3.7,4.0,17.2,14.8,4.8,3.6,3.2,2.5,17.3,17.8,4.8,3.2,3.2,3.1,3.2,17.0,11.7,4.7,4.0,3.3,1.6,0.4,0.6,11.5,10.1,10.9,7.1,4.5,2.0,3.6,4.6,5.3,11.0,2.2,5.0,5.7
2006-08-01,4.7,4.7,4.6,4.1,8.8,5.3,3.0,16.0,17.2,14.8,14.0,28.8,4.1,4.1,4.1,3.6,3.6,8.5,8.2,9.1,7.1,3.6,3.5,3.7,3.8,3.7,4.0,19.2,14.3,4.4,3.8,3.3,2.5,18.0,16.7,4.3,3.5,3.3,2.9,2.9,20.2,11.7,4.6,4.1,3.2,1.5,0.4,0.6,11.6,9.7,10.7,6.8,4.6,1.8,3.5,4.6,5.1,10.8,2.2,5.0,5.7
2006-09-01,4.5,4.4,4.7,3.9,9.0,5.5,3.0,16.3,17.7,14.8,13.8,32.2,3.9,3.7,4.2,3.2,3.7,8.3,7.9,8.4,7.4,3.5,3.2,3.8,3.6,3.4,4.0,17.5,15.3,4.5,3.5,3.0,2.4,18.5,17.1,4.0,3.3,2.8,2.9,2.9,16.6,13.3,5.2,3.6,3.2,1.5,0.4,0.5,11.3,9.9,10.6,6.4,4.1,2.1,3.6,4.4,5.2,10.5,2.1,4.7,5.3
2006-10-01,4.4,4.4,4.4,3.9,8.4,4.8,2.8,15.2,16.4,13.9,13.0,26.4,3.9,3.9,3.9,3.4,3.5,8.2,8.4,8.8,8.0,3.3,3.2,3.4,3.4,3.3,3.5,17.3,13.2,4.6,2.9,2.7,2.3,19.2,13.9,4.6,2.7,2.6,3.0,2.8,15.5,12.6,4.7,3.1,2.9,1.5,0.4,0.5,11.2,10.0,10.6,5.8,4.1,1.9,3.4,4.3,5.1,10.3,2.1,4.6,5.3
2006-11-01,4.5,4.5,4.5,4.0,8.5,5.1,3.1,14.8,16.1,13.5,13.0,27.1,4.0,4.0,4.0,3.5,3.5,8.0,8.5,8.9,8.1,3.5,3.4,3.6,3.6,3.5,3.7,16.7,13.5,4.4,3.5,2.8,2.4,18.1,14.1,4.5,3.4,2.6,3.0,2.7,15.3,12.8,4.4,3.6,3.1,1.5,0.4,0.5,11.1,10.0,10.6,6.6,4.3,1.8,3.4,4.4,5.0,10.2,2.1,4.7,5.4
2006-12-01,4.4,4.5,4.4,3.9,8.3,5.0,2.5,14.6,16.0,13.2,13.4,24.2,3.9,3.9,3.9,3.5,3.4,7.3,7.8,8.1,7.4,3.5,3.5,3.5,3.6,3.5,3.7,16.3,13.5,4.3,3.7,2.9,2.5,18.2,14.7,4.2,3.5,2.8,3.0,2.7,14.4,12.3,4.4,3.9,2.9,1.4,0.4,0.5,10.6,9.4,10.0,6.7,4.3,1.8,3.4,4.4,4.7,10.2,2.1,4.6,5.2
2007-01-01,4.6,4.7,4.5,4.2,7.9,5.5,3.1,14.8,15.8,13.7,13.2,27.4,4.1,4.2,4.0,3.8,3.6,7.5,8.1,8.6,7.6,3.7,3.7,3.6,3.7,3.8,3.7,16.6,13.5,4.9,3.4,3.0,2.5,16.8,15.0,5.0,3.4,2.9,3.3,2.7,16.4,11.9,4.7,3.4,3.1,1.4,0.4,0.5,10.8,9.6,10.3,6.9,4.3,2.1,3.8,4.6,4.9,10.3,2.2,4.9,5.5
2007-02-01,4.5,4.7,4.3,4.1,8.0,5.1,2.6,14.9,16.5,13.3,13.3,28.5,4.0,4.2,3.8,3.8,3.4,7.6,7.6,8.3,6.7,3.6,3.7,3.5,3.8,3.9,3.6,17.1,13.8,4.9,3.3,3.2,2.7,19.7,15.1,5.1,3.4,3.2,3.1,2.7,14.4,12.4,4.6,3.2,3.2,1.4,0.4,0.6,10.9,8.8,9.9,7.3,4.3,1.9,3.6,4.4,4.9,10.4,2.2,4.8,5.4
2007-03-01,4.4,4.5,4.3,3.8,8.4,5.0,3.0,14.9,16.2,13.6,13.4,25.9,3.9,4.0,3.8,3.4,3.3,8.8,7.7,8.2,7.1,3.4,3.5,3.4,3.5,3.5,3.5,16.6,13.8,4.3,3.2,3.1,2.5,17.8,15.0,4.3,3.3,3.1,3.1,2.5,15.3,12.4,4.4,3.1,3.0,1.4,0.4,0.5,10.7,9.2,10.0,6.9,4.0,1.8,3.6,4.4,4.5,10.6,2.1,4.6,5.3
2007-04-01,4.5,4.6,4.4,4.0,8.3,5.6,3.5,15.9,17.0,14.7,13.8,31.8,3.9,4.0,3.9,3.6,3.5,8.3,7.8,8.5,7.0,3.5,3.5,3.5,3.6,3.6,3.7,17.2,15.5,4.4,3.4,3.1,2.5,18.2,16.7,4.3,3.2,3.2,3.1,2.7,16.1,14.2,4.5,3.6,3.0,1.4,0.4,0.5,11.1,9.5,10.3,7.1,4.1,1.9,3.6,4.4,5.1,10.9,2.2,4.7,5.4
2007-05-01,4.4,4.6,4.3,3.9,8.3,5.8,3.2,15.9,17.6,14.1,14.0,29.3,3.9,4.0,3.8,3.5,3.4,8.1,7.2,8.4,5.8,3.5,3.4,3.5,3.6,3.5,3.7,17.0,15.6,4.4,3.3,3.1,2.6,19.2,17.3,4.3,3.0,3.1,3.2,2.8,14.9,13.6,4.6,3.7,3.0,1.4,0.3,0.5,11.2,8.5,9.9,6.6,4.4,2.0,3.4,4.3,4.8,11.1,2.2,4.7,5.3
2007-06-01,4.6,4.7,4.4,4.1,8.5,5.5,2.7,16.3,18.7,13.9,14.3,31.9,4.0,4.0,3.9,3.6,3.5,8.2,8.0,9.0,6.8,3.5,3.4,3.6,3.6,3.5,3.7,16.9,15.9,4.6,3.3,3.0,2.4,18.6,19.0,4.6,2.9,3.1,3.1,2.7,15.3,12.5,4.6,3.7,2.9,1.4,0.4,0.5,12.0,9.1,10.6,6.7,4.1,2.0,3.5,4.5,4.6,11.3,2.2,4.8,5.4
2007-07-01,4.7,4.7,4.6,4.2,8.1,5.9,2.7,15.3,17.1,13.4,13.5,27.5,4.2,4.2,4.2,3.8,3.7,7.6,8.3,9.1,7.4,3.7,3.6,3.8,3.8,3.7,4.0,16.7,14.1,4.6,3.8,3.2,2.7,19.4,15.5,4.3,3.5,3.2,3.2,2.9,14.2,12.7,5.0,4.0,3.1,1.3,0.4,0.5,11.5,9.4,10.5,7.3,4.6,2.1,3.6,4.6,5.0,11.5,2.4,4.9,5.5
2007-08-01,4.6,4.7,4.6,4.2,7.6,5.5,3.5,15.9,17.8,13.9,14.0,31.5,4.1,4.1,4.1,3.8,3.7,6.8,8.4,9.0,7.6,3.6,3.5,3.7,3.8,3.6,3.9,18.4,14.3,4.6,3.6,3.1,2.4,21.6,15.1,4.7,3.1,3.1,3.2,3.1,15.4,13.4,4.6,4.1,3.2,1.3,0.4,0.5,11.6,9.7,10.7,6.5,4.4,2.1,3.6,4.6,4.8,11.7,2.4,4.9,5.5
2007-09-01,4.7,4.8,4.5,4.2,8.0,5.9,3.4,15.9,18.3,13.5,14.2,29.0,4.1,4.2,4.1,3.8,3.6,7.4,9.0,10.0,7.8,3.6,3.5,3.7,3.7,3.6,3.9,18.3,14.3,4.8,3.3,3.1,2.5,21.3,16.3,4.7,3.2,3.0,3.1,2.9,15.4,12.2,5.0,3.4,3.3,1.4,0.4,0.5,12.5,9.7,11.2,7.6,4.5,2.0,3.4,4.7,4.7,11.7,2.3,4.9,5.5
2007-10-01,4.7,4.8,4.6,4.1,8.5,5.7,3.8,15.4,17.4,13.3,13.5,27.3,4.2,4.3,4.1,3.8,3.6,8.2,8.6,9.2,7.8,3.7,3.6,3.7,3.8,3.8,3.9,16.9,13.8,4.7,3.4,3.4,2.5,17.5,16.4,4.9,3.3,3.2,3.1,2.9,16.4,11.1,4.5,3.6,3.6,1.4,0.5,0.5,11.7,9.6,10.7,7.3,4.6,2.1,3.5,4.7,5.0,11.7,2.4,4.9,5.6
2007-11-01,4.7,4.8,4.6,4.2,8.5,5.9,3.6,16.2,18.9,13.6,14.8,28.9,4.2,4.2,4.2,3.7,3.7,8.1,8.3,8.9,7.5,3.7,3.6,3.8,3.9,3.8,4.0,18.8,14.3,4.7,3.6,3.3,2.6,20.8,17.5,4.9,3.3,3.1,3.0,3.0,17.2,10.8,4.6,3.9,3.5,1.4,0.4,0.5,11.9,9.5,10.8,7.7,4.5,2.2,3.3,4.6,5.2,11.5,2.4,4.9,5.6
2007-12-01,5.0,5.1,4.9,4.4,9.0,6.3,3.7,16.8,19.4,14.2,14.4,32.8,4.4,4.4,4.4,3.9,3.9,8.5,9.4,9.8,8.9,3.8,3.8,3.8,4.0,4.0,4.1,19.5,15.2,4.9,3.8,3.5,2.7,21.8,18.3,5.1,3.7,3.3,3.2,3.1,17.4,12.1,4.8,3.9,3.7,1.5,0.4,0.5,12.7,10.7,11.7,7.7,4.7,2.1,3.8,4.9,5.5,11.2,2.5,5.2,5.8
2008-01-01,5.0,5.2,4.8,4.4,9.1,6.3,3.1,17.8,21.2,14.3,15.9,32.6,4.4,4.5,4.3,4.0,3.8,8.3,8.9,9.6,8.2,3.8,3.9,3.8,4.0,4.1,3.9,21.0,15.8,5.1,3.6,3.4,2.7,24.8,19.3,5.2,3.7,3.4,3.3,3.1,17.5,11.9,4.9,3.5,3.4,1.4,0.4,0.5,13.1,10.2,11.7,7.7,4.7,2.1,3.7,4.9,5.4,10.9,2.5,5.3,5.9
2008-02-01,4.9,5.0,4.7,4.4,8.4,6.2,2.9,16.6,18.6,14.7,14.7,31.3,4.3,4.4,4.2,4.0,3.8,8.0,9.0,10.1,7.7,3.8,3.8,3.8,3.9,3.9,4.0,18.8,15.6,4.9,3.6,3.4,2.7,21.2,18.1,5.0,3.4,3.4,3.3,3.0,16.7,13.1,4.8,3.8,3.4,1.4,0.4,0.5,12.6,10.0,11.4,7.4,4.7,2.0,3.8,4.9,5.0,10.7,2.5,5.1,5.8
2008-03-01,5.1,5.2,5.0,4.5,9.2,6.9,3.6,16.1,17.9,14.3,13.2,32.4,4.6,4.6,4.5,4.2,4.0,8.5,9.4,10.2,8.4,4.0,4.0,4.1,4.2,4.2,4.2,18.9,14.3,5.3,3.8,3.5,2.9,22.5,15.2,5.3,3.7,3.5,3.4,3.2,15.5,13.4,5.3,4.0,3.5,1.4,0.5,0.5,12.4,10.3,11.4,8.4,5.1,2.1,3.9,5.0,5.3,10.6,2.7,5.3,5.9
2008-04-01,5.0,5.2,4.8,4.4,8.6,7.1,3.5,15.9,17.3,14.5,14.3,25.4,4.4,4.6,4.2,4.2,3.7,8.4,8.7,9.6,7.7,4.0,4.1,3.9,4.2,4.3,4.1,20.7,13.6,5.1,3.9,3.7,2.8,23.2,14.5,5.0,4.1,3.9,3.0,2.9,18.4,12.7,5.1,3.7,3.4,1.4,0.4,0.6,11.9,10.0,11.0,7.7,5.0,2.1,4.0,5.0,4.9,10.8,2.6,5.2,5.9
2008-05-01,5.4,5.6,5.2,4.8,9.6,6.9,4.1,19.0,21.0,16.9,16.6,32.5,4.8,4.9,4.6,4.4,4.0,8.9,10.2,10.9,9.3,4.1,4.2,4.1,4.4,4.4,4.4,21.8,17.8,5.2,4.2,3.8,2.9,24.4,19.8,5.3,4.1,3.7,3.2,3.1,19.3,15.7,5.0,4.3,3.8,1.6,0.5,0.6,14.0,11.8,13.0,8.1,5.0,2.2,4.3,5.4,5.4,11.1,2.8,5.7,6.3
2008-06-01,5.6,5.8,5.3,5.0,9.4,7.6,4.2,19.2,21.5,16.9,17.1,30.3,4.9,5.1,4.7,4.5,4.2,9.5,10.0,11.1,8.8,4.3,4.4,4.2,4.5,4.6,4.4,23.9,16.0,5.4,4.4,3.8,3.1,27.1,17.7,5.4,4.6,3.9,3.3,3.4,20.8,14.1,5.5,4.3,3.8,1.6,0.5,0.6,14.2,11.4,12.9,8.7,5.1,2.4,4.3,5.6,5.4,11.5,2.8,5.8,6.5
2008-07-01,5.8,6.2,5.3,5.2,10.0,7.5,3.7,20.7,24.1,17.1,18.9,33.6,5.1,5.4,4.7,4.8,4.3,10.5,10.2,11.6,8.6,4.5,4.7,4.3,4.7,5.0,4.4,24.8,17.9,5.7,4.7,3.8,3.3,29.4,20.5,6.2,4.9,3.9,3.7,3.5,20.2,15.0,5.0,4.4,3.8,1.7,0.5,0.6,15.4,11.4,13.5,8.6,5.4,2.5,4.6,5.8,5.6,11.9,2.9,6.1,6.7
2008-08-01,6.1,6.3,5.9,5.4,10.6,8.0,4.5,18.6,20.2,16.9,16.7,29.8,5.5,5.7,5.4,5.0,4.8,10.5,10.7,11.8,9.4,4.9,5.0,4.9,5.2,5.2,5.2,21.7,16.9,6.2,5.1,4.3,3.5,23.4,18.3,6.5,4.8,4.3,4.2,3.8,20.0,15.4,6.0,5.4,4.2,1.7,0.5,0.7,14.3,11.8,13.1,9.7,5.8,2.8,4.9,6.2,5.6,12.2,3.2,6.3,7.1
2008-09-01,6.1,6.7,5.5,5.4,11.3,8.0,4.0,19.1,21.1,17.0,17.4,29.1,5.5,6.1,5.0,5.3,4.3,11.9,11.0,12.3,9.5,4.9,5.4,4.4,5.2,5.6,4.6,20.6,17.9,6.2,5.1,4.3,3.8,21.2,20.5,6.7,5.4,4.8,4.2,3.5,20.1,15.1,5.5,4.6,3.8,1.7,0.5,0.6,14.9,11.9,13.5,9.8,6.2,2.6,5.0,6.2,5.9,12.5,3.4,6.4,7.1
2008-10-01,6.5,7.1,5.9,5.9,11.4,8.8,3.9,20.0,23.6,16.1,17.9,32.8,5.9,6.3,5.4,5.7,4.9,12.0,10.8,13.1,8.3,5.3,5.5,5.0,5.5,5.8,5.2,22.6,17.8,6.7,5.4,4.6,4.0,26.0,21.5,7.1,5.5,4.8,4.5,4.2,19.3,13.6,6.2,5.3,4.4,1.7,0.5,0.6,16.3,10.7,13.6,10.3,6.4,3.1,5.2,6.6,5.7,12.7,3.7,6.8,7.5
2008-11-01,6.8,7.4,6.2,6.2,11.5,8.7,4.8,20.3,23.7,16.6,18.8,30.7,6.2,6.7,5.7,6.0,5.1,12.5,11.2,13.0,9.3,5.6,6.0,5.3,5.9,6.2,5.5,23.9,18.0,7.1,5.5,5.1,4.2,28.7,21.0,7.7,5.5,5.5,4.8,4.4,19.3,14.8,6.4,5.5,4.6,1.7,0.5,0.6,16.2,11.6,14.0,10.8,7.0,3.2,5.5,7.0,5.9,13.1,4.0,7.2,8.0
2008-12-01,7.3,8.0,6.5,6.7,12.1,9.4,5.1,20.5,23.0,18.0,19.0,32.8,6.7,7.4,5.9,6.6,5.6,13.9,12.3,14.3,10.1,6.1,6.6,5.5,6.4,6.9,5.7,23.7,19.0,7.6,5.9,5.6,4.6,26.4,21.4,8.5,6.2,6.2,5.0,4.6,21.0,16.5,6.6,5.7,5.0,1.8,0.5,0.6,16.9,12.5,14.8,11.1,7.8,3.6,5.7,7.6,5.9,13.5,4.3,7.7,8.4
2009-01-01,7.8,8.6,7.0,7.1,12.7,10.1,6.1,20.7,24.3,17.1,18.6,35.3,7.2,7.9,6.5,7.1,6.0,14.4,12.5,14.4,10.3,6.6,7.2,6.0,7.0,7.7,6.1,21.8,20.0,8.3,6.7,6.0,5.2,26.9,23.1,9.3,6.9,7.0,5.4,4.9,16.7,17.0,7.1,6.5,5.0,1.8,0.5,0.6,17.3,12.5,15.0,12.4,8.2,3.9,6.5,8.3,5.9,14.0,4.8,8.2,9.0
2009-02-01,8.3,9.2,7.3,7.6,13.7,11.3,6.7,22.3,25.8,18.8,19.8,38.9,7.7,8.5,6.8,7.7,6.1,15.2,13.2,15.0,11.2,7.1,7.8,6.2,7.4,8.2,6.5,23.2,21.9,9.1,6.9,6.4,5.8,27.2,25.8,10.1,7.4,7.3,5.8,5.2,19.7,17.8,7.8,6.4,5.5,1.9,0.6,0.5,18.2,13.6,16.0,13.2,8.5,4.1,7.3,8.9,5.8,14.4,5.2,8.8,9.5
2009-03-01,8.7,9.7,7.6,8.0,13.7,11.7,6.5,22.2,26.1,18.2,20.3,33.8,8.1,9.0,7.1,8.3,6.5,15.6,14.0,16.5,11.3,7.4,8.1,6.6,7.7,8.6,6.8,23.8,21.4,9.3,7.3,6.8,6.1,28.7,25.0,10.4,8.0,7.4,6.3,5.4,19.1,17.8,8.0,6.5,6.1,2.0,0.6,0.6,19.3,13.4,16.5,14.0,9.2,4.3,7.5,9.4,5.8,14.7,5.5,9.1,10.0
2009-04-01,9.0,10.1,7.6,8.1,15.0,11.4,6.8,22.2,26.0,18.2,20.0,36.3,8.4,9.5,7.1,8.6,6.4,17.2,14.4,16.9,11.6,7.7,8.6,6.7,8.0,9.1,6.8,23.4,22.0,9.8,7.7,6.7,6.5,26.5,26.0,11.2,8.4,7.5,6.5,5.4,20.3,17.8,8.0,6.8,5.8,2.0,0.6,0.6,19.6,13.6,16.7,14.9,9.5,4.4,7.7,9.7,5.9,15.0,5.8,9.4,10.2
2009-05-01,9.4,10.6,8.0,8.5,15.0,12.3,7.0,23.4,27.5,19.1,20.3,40.4,8.7,9.8,7.5,9.0,6.8,16.6,15.0,17.5,12.3,8.0,9.0,7.0,8.4,9.5,7.2,23.6,23.6,10.3,8.1,6.9,6.8,26.3,28.6,11.6,9.1,7.9,6.7,5.5,21.0,18.2,8.8,6.9,5.9,2.1,0.6,0.6,20.4,14.4,17.6,15.2,10.0,4.8,7.8,10.1,6.0,15.3,6.1,9.9,10.7
2009-06-01,9.5,10.6,8.3,8.7,14.8,12.1,7.9,24.7,27.1,22.4,21.9,39.1,8.8,9.9,7.6,9.1,6.9,16.3,15.1,17.1,13.0,8.1,9.1,7.0,8.5,9.5,7.2,25.8,24.0,10.0,8.1,7.3,6.9,26.3,27.4,11.2,8.9,8.5,7.0,5.6,25.4,20.6,8.6,7.2,6.1,2.2,0.6,0.5,20.0,16.0,18.0,15.6,9.7,4.8,8.1,10.3,5.8,15.6,6.2,10.0,10.7
2009-07-01,9.5,10.5,8.3,8.7,14.8,12.5,8.1,24.3,28.0,20.6,22.2,36.8,8.8,9.8,7.7,9.0,6.9,16.1,15.1,16.8,13.3,8.1,9.0,7.0,8.4,9.5,7.2,25.7,23.5,10.1,7.9,7.4,7.0,28.2,27.7,11.2,8.9,8.6,6.8,5.5,23.2,19.1,8.8,6.7,6.1,2.1,0.7,0.6,20.1,15.5,17.9,15.3,9.5,4.8,8.0,10.2,6.0,15.8,6.1,9.9,10.7
2009-08-01,9.6,10.7,8.3,8.9,14.8,13.0,7.6,25.0,28.8,20.9,23.7,34.4,8.9,10.0,7.7,9.2,7.0,16.6,15.2,16.8,13.4,8.3,9.3,7.1,8.7,9.9,7.4,26.0,24.6,10.4,8.2,7.6,7.0,29.1,28.8,11.5,9.4,8.8,6.8,5.4,22.6,20.3,9.2,6.9,6.3,2.1,0.7,0.5,20.3,15.7,18.1,15.6,9.7,4.8,8.1,10.4,6.2,15.9,6.2,10.0,10.9
2009-09-01,9.8,10.9,8.5,8.9,15.3,12.6,7.6,25.9,29.3,22.2,23.4,40.5,9.1,10.1,7.9,9.4,7.1,16.2,15.3,17.3,13.0,8.4,9.4,7.3,8.9,10.0,7.7,27.9,24.3,10.4,8.6,7.9,7.1,30.4,27.9,11.6,9.4,9.0,6.7,5.8,25.4,20.5,8.9,7.8,6.5,2.1,0.7,0.6,20.9,15.7,18.4,14.9,10.6,5.0,8.3,10.6,6.6,16.0,6.5,10.2,11.1
2009-10-01,10.0,11.1,8.7,9.2,15.8,12.8,7.6,27.2,29.9,24.2,24.8,42.0,9.3,10.4,8.0,9.6,7.3,17.3,15.8,18.9,12.4,8.6,9.5,7.5,9.0,10.0,7.9,30.3,24.8,10.6,9.0,7.7,7.2,33.0,28.1,11.3,10.0,8.8,6.9,5.9,27.4,21.5,9.6,7.8,6.4,2.2,0.7,0.6,22.1,15.9,19.1,15.2,11.0,4.7,8.7,10.9,6.2,16.0,6.5,10.5,11.3
2009-11-01,9.9,11.0,8.6,9.2,15.7,12.4,7.2,26.9,30.5,23.3,23.8,48.8,9.2,10.3,7.9,9.6,7.4,17.0,16.0,18.4,13.4,8.4,9.4,7.3,8.8,9.9,7.5,29.8,25.5,10.3,8.6,7.6,7.2,31.5,30.4,11.2,9.3,9.2,7.0,5.8,28.1,20.5,9.1,7.8,5.9,2.1,0.9,0.6,21.9,16.3,19.2,14.7,10.3,4.8,8.8,10.8,5.8,15.9,6.3,10.4,11.3
2009-12-01,9.9,10.9,8.7,9.0,16.1,12.8,8.4,26.7,30.7,22.7,23.8,48.1,9.2,10.1,8.0,9.3,7.3,16.7,15.5,18.4,12.4,8.4,9.2,7.6,8.8,9.5,8.0,30.0,25.4,10.0,8.7,7.8,7.1,33.1,29.8,10.8,8.9,8.9,7.2,5.9,27.0,20.9,9.0,8.5,6.7,2.2,0.8,0.6,21.9,15.5,18.8,15.0,10.6,4.9,8.7,10.7,6.1,15.9,6.3,10.4,11.3
2010-01-01,9.8,11.0,8.4,8.8,16.5,12.9,8.3,26.1,30.7,21.3,23.4,41.9,9.1,10.2,7.9,9.3,6.9,17.9,15.9,19.4,12.1,8.3,9.2,7.4,8.8,9.6,7.8,27.9,25.1,10.0,8.5,7.8,6.8,31.0,30.5,11.1,9.1,8.7,6.9,5.9,25.0,19.3,8.8,7.9,6.7,2.4,0.8,0.6,22.6,14.8,18.8,15.3,10.2,4.9,8.6,10.6,6.5,16.0,6.1,10.4,11.2
2010-02-01,9.8,10.9,8.6,8.9,16.1,12.7,8.2,25.6,28.7,22.5,22.9,42.6,9.2,10.3,8.0,9.3,7.3,18.1,15.8,18.5,12.9,8.4,9.3,7.4,8.8,9.7,7.7,28.2,24.4,10.0,8.8,7.6,7.0,30.9,28.0,11.1,9.5,8.5,7.2,6.1,25.6,20.5,8.7,7.9,6.5,2.3,0.8,0.6,21.4,15.7,18.7,15.8,10.7,4.9,8.1,10.7,6.2,16.3,6.2,10.5,11.2
2010-03-01,9.9,10.9,8.7,8.9,16.8,12.9,7.6,26.2,30.0,22.2,23.6,41.5,9.2,10.2,8.1,9.1,7.3,19.3,15.8,18.4,13.0,8.5,9.2,7.6,8.9,9.7,7.9,29.6,24.6,10.2,8.6,7.9,6.9,31.6,29.3,11.4,8.9,8.8,6.9,6.0,27.7,19.5,8.8,8.3,6.9,2.3,0.7,0.6,21.7,15.7,18.8,14.9,11.0,4.9,8.4,10.7,6.7,16.6,6.2,10.4,11.2
2010-04-01,9.9,10.9,8.8,9.0,16.6,12.5,7.0,25.4,29.0,21.8,23.1,38.0,9.3,10.2,8.3,9.4,7.3,17.9,17.2,20.0,14.1,8.4,9.0,7.6,8.8,9.4,8.0,29.0,24.0,10.3,8.2,7.8,6.7,32.2,27.6,11.0,8.7,8.6,7.0,6.2,25.8,20.1,9.5,7.6,7.0,2.4,0.8,0.6,22.5,16.3,19.5,14.7,10.8,4.8,8.4,10.7,6.5,16.9,6.1,10.6,11.4
2010-05-01,9.6,10.4,8.8,8.7,15.5,12.0,7.8,26.5,28.2,24.7,24.5,38.6,9.0,9.7,8.1,8.7,7.3,16.8,14.7,16.2,13.1,8.3,9.0,7.6,8.7,9.4,7.9,29.6,25.1,10.6,7.9,7.6,6.7,32.0,26.5,11.4,8.5,8.3,7.0,6.2,27.3,23.7,9.6,7.2,6.8,2.2,0.8,0.6,19.5,16.5,18.1,14.6,10.9,4.6,8.2,10.3,6.6,17.0,6.0,10.3,11.0
2010-06-01,9.4,10.4,8.3,8.6,15.2,12.3,7.4,25.9,29.3,22.5,23.3,40.8,8.8,9.7,7.7,8.7,7.1,17.3,15.2,17.6,12.6,8.1,8.9,7.2,8.5,9.3,7.4,29.2,23.8,10.2,7.8,7.5,6.8,32.1,27.3,11.3,8.1,8.6,6.8,5.9,26.5,20.1,8.9,7.3,6.3,2.1,0.8,0.6,20.7,15.4,18.2,14.2,10.6,4.4,8.1,10.1,6.3,16.9,5.9,10.1,10.9
2010-07-01,9.4,10.3,8.5,8.5,15.6,12.2,7.9,25.9,28.8,22.7,22.9,41.6,8.8,9.6,7.9,8.7,7.0,16.6,15.5,17.8,12.9,8.0,8.7,7.3,8.4,9.0,7.6,29.8,23.7,9.8,7.9,7.4,6.5,31.9,26.9,10.5,8.1,8.3,6.8,5.7,27.6,20.4,9.0,7.5,6.4,2.2,0.8,0.6,20.8,15.7,18.4,13.5,10.0,4.5,8.3,10.1,6.3,16.6,5.9,10.1,10.9
2010-08-01,9.5,10.3,8.6,8.6,15.9,12.0,7.3,25.5,28.5,22.5,22.9,45.0,8.9,9.6,8.0,8.8,7.1,16.7,14.7,16.7,12.5,8.2,8.9,7.4,8.5,9.0,7.8,30.3,23.3,9.7,7.7,8.0,6.7,32.2,27.0,10.3,8.0,8.8,7.4,5.9,28.5,19.7,9.1,7.3,7.2,2.2,0.8,0.6,19.9,15.4,17.7,14.1,10.0,4.6,8.7,10.2,6.6,16.3,5.9,10.2,10.9
2010-09-01,9.5,10.2,8.6,8.6,16.0,12.3,6.6,25.8,28.6,23.0,23.5,48.9,8.8,9.6,8.0,8.7,7.1,17.2,14.8,16.9,12.5,8.2,8.8,7.4,8.5,9.1,7.8,30.6,23.1,9.8,8.3,7.5,6.6,33.4,25.5,10.6,8.4,8.3,7.1,5.6,27.9,20.7,8.9,8.1,6.7,2.2,0.8,0.5,20.0,15.5,17.9,15.6,9.7,4.5,8.9,10.3,6.2,16.0,5.9,10.2,11.0
2010-10-01,9.4,10.1,8.7,8.6,15.6,12.3,7.2,27.2,29.0,25.5,23.5,48.4,8.7,9.4,8.0,8.6,7.2,16.2,15.3,16.8,13.8,8.1,8.6,7.4,8.3,8.8,7.8,31.7,24.5,9.6,7.8,7.6,6.7,35.4,26.1,10.1,8.1,8.2,7.1,5.6,28.1,22.9,9.0,7.5,7.0,2.3,0.8,0.6,20.1,17.2,18.7,15.0,9.8,4.6,8.2,10.2,6.4,15.8,5.8,10.2,11.0
2010-11-01,9.8,10.5,9.0,8.9,16.2,12.9,7.5,24.8,26.7,22.7,21.7,46.2,9.2,9.9,8.4,9.1,7.6,16.9,16.1,18.5,13.5,8.4,8.9,7.8,8.7,9.3,8.1,26.2,24.2,10.4,7.8,8.1,6.8,29.9,25.7,10.9,7.9,9.0,7.2,5.8,22.2,22.6,9.9,7.6,7.0,2.2,0.8,0.6,20.7,16.1,18.5,15.4,10.0,5.0,8.6,10.7,5.9,15.8,6.2,10.5,11.3
2010-12-01,9.3,10.0,8.5,8.5,15.5,12.9,7.2,25.3,28.0,22.4,23.0,44.0,8.7,9.4,8.0,8.5,7.2,16.4,15.1,16.8,13.3,8.0,8.5,7.4,8.3,8.8,7.8,27.3,24.5,9.9,7.7,7.5,6.5,29.3,27.3,10.3,7.9,8.3,6.8,5.6,25.5,21.4,9.4,7.6,6.6,2.2,0.8,0.6,19.8,15.9,17.9,15.0,9.8,4.8,8.1,10.1,6.0,16.0,5.7,10.1,10.8
2011-01-01,9.1,9.7,8.5,8.1,15.8,12.3,6.8,25.7,27.8,23.5,22.9,45.0,8.5,9.0,7.9,8.0,7.0,16.8,15.2,16.2,14.1,7.7,8.2,7.1,8.0,8.4,7.5,27.5,24.6,9.3,7.4,7.2,6.0,28.4,27.2,9.8,7.7,7.8,6.7,5.5,26.5,21.9,8.8,7.1,6.6,2.2,0.9,0.6,19.3,16.7,18.1,14.3,9.5,4.3,8.1,9.8,6.3,16.2,5.5,9.7,10.6
2011-02-01,9.0,9.5,8.5,8.1,15.5,11.8,6.7,24.1,26.1,21.9,21.3,38.4,8.4,8.9,7.9,8.0,7.1,16.7,15.3,16.4,14.1,7.6,8.0,7.2,8.0,8.2,7.7,28.8,21.8,9.5,7.4,7.1,6.0,28.8,25.1,9.7,7.5,7.5,6.5,5.4,28.9,18.3,9.2,7.3,6.6,2.2,0.8,0.6,19.0,16.3,17.7,14.0,9.7,4.3,7.9,9.6,6.6,16.4,5.5,9.6,10.6
2011-03-01,9.0,9.5,8.4,8.0,15.8,11.6,7.3,24.4,26.6,22.2,21.0,42.4,8.4,8.8,7.8,7.9,6.9,17.2,15.0,16.4,13.3,7.6,7.9,7.2,7.9,8.2,7.5,29.0,22.0,9.3,7.2,7.2,6.0,28.7,25.1,9.5,7.4,7.8,6.5,5.8,29.3,18.9,9.0,7.1,6.5,2.2,0.8,0.6,19.2,15.8,17.6,14.1,9.7,4.4,7.5,9.6,6.4,16.5,5.4,9.5,10.4
2011-04-01,9.1,9.6,8.5,8.1,16.5,11.9,6.5,24.7,28.1,21.2,21.8,41.2,8.5,8.9,8.0,8.0,7.0,17.5,14.9,16.3,13.3,7.7,8.1,7.3,8.1,8.4,7.8,31.3,21.8,9.8,7.4,7.2,6.0,32.6,26.5,10.1,7.3,7.7,6.5,5.8,30.2,16.9,9.3,7.5,6.6,2.2,0.9,0.6,19.4,15.6,17.6,14.7,9.9,4.5,7.5,9.8,6.3,16.5,5.4,9.7,10.6
2011-05-01,9.0,9.5,8.5,7.9,16.3,11.6,7.2,23.9,27.0,20.9,20.1,40.9,8.5,8.8,8.0,7.8,7.1,17.3,14.8,15.8,13.7,7.7,8.0,7.4,8.0,8.3,7.7,28.9,21.7,9.5,7.5,7.2,5.8,30.7,25.1,9.9,7.4,7.7,6.7,5.8,27.1,18.1,9.0,7.6,6.5,2.2,0.8,0.6,18.7,15.7,17.3,14.5,9.6,4.5,7.8,9.7,6.2,16.3,5.4,9.6,10.4
2011-06-01,9.1,9.6,8.5,8.1,16.2,11.5,6.5,24.5,27.1,21.9,21.9,39.3,8.5,9.0,8.0,7.9,7.1,17.0,14.3,15.1,13.5,7.9,8.4,7.4,8.2,8.6,7.8,27.6,22.7,9.6,7.7,7.3,6.2,29.1,25.6,10.1,8.0,7.6,6.9,5.6,26.1,19.6,9.1,7.3,7.0,2.3,0.8,0.6,18.2,15.9,17.1,14.4,10.0,4.3,8.3,9.7,6.6,16.1,5.3,9.7,10.7
2011-07-01,9.0,9.5,8.4,8.0,15.9,11.2,7.4,24.7,26.9,22.5,22.7,38.8,8.4,8.8,7.9,7.8,6.9,16.9,14.5,15.3,13.6,7.7,8.1,7.1,7.9,8.4,7.4,27.5,23.3,9.6,7.0,7.1,6.0,28.9,25.8,10.2,7.3,7.6,6.8,5.5,26.2,20.8,9.0,6.5,6.6,2.2,0.8,0.6,18.4,16.1,17.3,14.5,9.1,4.2,8.3,9.7,5.9,15.9,5.3,9.6,10.6
2011-08-01,9.0,9.4,8.5,7.9,16.4,11.2,7.2,25.0,27.4,22.4,22.3,46.6,8.4,8.7,7.9,7.6,7.0,17.5,14.5,15.9,12.9,7.7,8.0,7.3,8.0,8.3,7.7,28.2,23.8,9.4,7.7,7.0,5.7,27.7,27.9,9.6,8.0,7.3,6.6,5.9,28.7,19.3,9.1,7.4,6.8,2.3,0.8,0.6,18.9,15.6,17.4,14.1,9.3,4.2,8.3,9.6,6.4,15.7,5.2,9.6,10.5
2011-09-01,9.0,9.3,8.7,7.9,15.9,11.2,8.0,24.4,27.3,21.5,21.3,44.4,8.4,8.7,8.2,7.6,7.1,16.3,14.6,15.5,13.6,7.7,7.9,7.5,8.1,8.2,7.9,27.1,23.2,9.5,7.5,7.1,5.7,27.9,26.9,9.6,7.6,7.4,6.6,5.9,26.5,19.4,9.5,7.4,6.9,2.3,0.9,0.6,18.6,15.8,17.3,14.3,9.4,4.2,8.5,9.8,6.1,15.6,5.2,9.7,10.5
2011-10-01,8.8,9.2,8.4,7.9,14.6,11.3,7.4,24.2,27.3,21.1,22.1,37.5,8.2,8.6,7.8,7.7,7.0,15.8,13.9,14.7,13.0,7.6,8.0,7.3,7.8,8.2,7.4,25.6,23.4,9.5,7.2,6.9,5.7,28.7,27.5,9.9,7.5,7.2,7.0,5.6,23.0,19.0,9.0,6.8,6.5,2.2,0.8,0.7,17.9,15.3,16.7,13.5,9.4,4.3,8.1,9.4,6.5,15.5,5.1,9.4,10.3
2011-11-01,8.6,8.9,8.3,7.7,15.6,11.2,6.4,24.2,27.1,21.2,22.1,39.7,8.0,8.2,7.8,7.2,6.9,16.6,14.3,16.0,12.4,7.3,7.4,7.2,7.6,7.6,7.6,23.9,24.5,9.1,7.0,6.6,5.2,27.4,27.3,9.1,7.0,6.6,6.3,5.3,20.7,21.6,9.1,7.0,6.6,2.2,0.8,0.7,18.9,15.0,17.0,12.8,8.8,4.4,7.7,9.2,6.0,15.5,5.0,9.3,10.2
2011-12-01,8.5,8.7,8.3,7.5,15.4,11.1,6.8,23.3,27.2,19.2,20.7,42.2,7.9,8.0,7.8,7.2,6.8,15.1,14.3,15.3,13.1,7.2,7.1,7.3,7.5,7.4,7.6,28.0,21.3,9.3,6.8,6.5,5.2,31.8,25.0,9.2,6.6,6.4,6.2,5.3,24.3,17.2,9.3,7.0,6.6,2.2,0.8,0.6,18.4,14.8,16.7,13.7,8.7,4.1,7.6,9.0,6.2,15.4,4.9,9.1,10.0
2012-01-01,8.3,8.4,8.2,7.4,13.6,10.7,6.7,23.6,26.0,21.3,21.5,38.8,7.7,7.7,7.6,7.0,6.8,12.8,13.3,14.4,12.0,7.0,6.9,7.1,7.4,7.2,7.6,29.1,21.1,9.0,6.8,6.4,5.2,32.7,22.9,8.9,6.4,6.2,5.9,5.4,25.7,19.3,9.1,7.4,6.5,2.1,0.8,0.6,17.4,14.6,16.1,13.0,8.5,4.3,7.1,8.8,6.0,15.3,4.7,8.9,9.8
2012-02-01,8.3,8.4,8.1,7.4,14.0,10.9,6.2,23.8,27.1,20.6,21.1,34.4,7.7,7.7,7.6,6.9,6.8,14.4,13.8,15.7,11.7,7.0,6.8,7.2,7.3,7.1,7.5,30.3,20.8,8.6,6.8,6.5,5.1,34.0,24.1,8.6,6.4,6.3,5.8,5.5,26.4,17.6,8.7,7.3,6.7,2.2,0.9,0.7,18.7,14.2,16.5,13.1,8.3,4.2,7.2,8.8,6.1,15.1,4.6,8.9,9.8
2012-03-01,8.2,8.4,8.0,7.3,14.0,10.6,6.4,24.8,26.6,23.1,22.2,41.5,7.6,7.7,7.4,6.8,6.6,14.1,13.0,14.0,11.9,6.9,7.0,6.8,7.1,7.2,7.1,29.1,22.7,8.7,6.4,6.3,5.2,30.0,24.9,8.9,6.6,6.1,6.2,5.3,28.2,20.4,8.5,6.3,6.5,2.1,0.9,0.7,17.3,15.1,16.2,12.8,8.1,4.1,7.5,8.7,6.2,14.9,4.5,8.7,9.6
2012-04-01,8.2,8.3,8.0,7.4,13.3,10.3,5.4,25.0,27.5,22.4,22.8,37.8,7.5,7.6,7.4,6.8,6.9,14.0,13.3,14.5,12.1,6.8,6.8,6.9,7.0,6.9,7.1,26.1,24.4,8.2,6.6,6.2,5.2,28.4,27.1,8.2,6.5,6.1,6.3,5.4,23.7,21.5,8.3,6.7,6.3,2.2,0.9,0.7,18.1,14.9,16.6,12.5,8.0,4.0,7.6,8.6,6.3,14.7,4.4,8.7,9.6
2012-05-01,8.2,8.4,7.9,7.4,13.5,10.9,5.5,24.4,26.8,21.8,21.8,35.5,7.5,7.7,7.4,6.9,6.7,14.1,13.0,14.2,11.7,6.9,7.0,6.9,7.1,7.0,7.2,26.3,23.4,8.2,6.7,6.3,5.2,28.4,25.9,8.0,6.5,6.4,6.5,5.0,24.3,20.6,8.6,6.9,6.1,2.2,0.9,0.6,17.6,14.5,16.1,12.9,8.3,3.9,7.7,8.6,6.1,14.5,4.5,8.7,9.7
2012-06-01,8.2,8.4,7.9,7.3,14.5,10.9,6.1,23.3,25.6,20.8,20.7,38.2,7.6,7.7,7.4,7.0,6.6,14.3,13.6,15.0,12.0,7.0,7.0,6.9,7.2,7.1,7.3,26.2,21.3,8.2,7.0,6.4,5.0,29.9,23.1,7.9,7.1,6.4,6.2,5.4,22.8,19.3,8.5,7.0,6.4,2.1,0.9,0.6,17.9,14.5,16.2,12.6,8.6,4.0,7.3,8.6,6.2,14.2,4.6,8.7,9.6
2012-07-01,8.2,8.3,8.0,7.3,14.2,10.2,5.9,23.6,26.1,21.1,21.2,35.8,7.6,7.7,7.4,6.8,6.7,15.1,13.4,14.8,11.9,6.9,6.9,6.9,7.1,7.0,7.2,25.6,22.3,8.1,6.7,6.5,4.9,29.0,24.4,7.8,6.5,6.6,6.2,5.5,22.8,19.8,8.4,7.0,6.4,2.2,0.8,0.6,17.8,14.5,16.3,12.4,8.5,4.1,7.2,8.6,6.4,14.1,4.6,8.6,9.6
2012-08-01,8.1,8.3,7.8,7.2,13.8,10.1,5.9,24.2,28.3,20.1,22.6,37.4,7.4,7.6,7.3,6.7,6.5,13.8,13.9,15.0,12.6,6.7,6.8,6.7,7.0,6.9,7.1,28.7,22.3,8.2,6.6,6.3,4.9,36.4,24.7,8.1,6.3,6.4,5.8,5.2,21.1,19.8,8.2,7.0,6.2,2.2,0.8,0.6,18.6,14.7,16.7,11.8,8.6,4.1,6.7,8.5,6.0,14.0,4.4,8.6,9.6
2012-09-01,7.8,8.0,7.6,7.0,13.6,9.7,4.9,23.8,27.1,20.4,21.2,37.2,7.2,7.3,7.1,6.6,6.2,14.0,12.3,13.5,11.0,6.6,6.6,6.5,6.8,6.7,6.9,26.1,22.9,8.0,6.3,6.0,4.6,30.5,25.7,7.9,6.1,6.1,5.9,5.0,22.1,19.9,8.2,6.4,6.0,2.1,0.8,0.6,17.1,13.7,15.5,11.7,8.5,4.0,6.6,8.3,5.7,14.0,4.2,8.3,9.3
2012-10-01,7.8,7.9,7.6,6.9,14.1,10.0,4.9,23.9,27.2,20.5,20.8,41.9,7.2,7.2,7.1,6.5,6.2,13.9,13.1,13.7,12.4,6.5,6.5,6.5,6.8,6.7,6.8,25.6,23.2,8.1,6.2,6.0,4.6,29.6,26.9,8.0,6.0,6.1,5.9,5.0,21.4,19.3,8.3,6.5,5.8,2.1,0.8,0.7,17.3,14.7,16.0,12.1,8.3,3.7,6.9,8.2,6.3,14.2,4.2,8.3,9.2
2012-11-01,7.7,7.9,7.6,6.8,13.3,9.9,6.3,23.9,26.9,20.9,20.4,40.5,7.1,7.2,7.0,6.4,6.2,13.2,12.9,13.2,12.5,6.4,6.5,6.4,6.6,6.6,6.7,30.7,21.1,7.7,6.2,6.0,4.6,33.8,24.0,7.7,6.1,6.0,5.8,5.0,27.6,18.1,7.8,6.4,5.9,2.1,0.9,0.6,16.9,14.9,15.9,12.0,8.0,3.9,6.5,8.1,6.2,14.3,4.2,8.3,9.2
2012-12-01,7.9,7.9,7.9,6.9,14.0,9.6,6.6,24.1,26.9,21.4,22.4,40.4,7.3,7.2,7.4,6.3,6.3,13.7,13.8,13.7,13.9,6.5,6.4,6.6,6.7,6.5,7.0,26.3,23.1,7.8,6.6,5.8,4.7,26.1,26.7,7.7,6.1,5.7,5.9,5.2,26.4,19.4,7.8,7.2,6.0,2.3,0.8,0.6,17.1,16.0,16.5,11.8,8.0,4.0,6.9,8.3,6.1,14.3,4.2,8.5,9.4
2013-01-01,8.0,8.2,7.8,7.1,13.7,9.7,6.4,23.7,26.9,20.5,20.9,38.1,7.4,7.5,7.2,6.7,6.4,13.3,14.2,15.4,12.9,6.5,6.6,6.5,6.8,6.6,6.9,29.1,20.9,7.7,6.5,6.0,4.6,32.7,23.8,7.7,6.2,6.0,6.0,5.1,25.8,17.9,7.7,7.0,6.0,2.2,0.8,0.6,18.4,15.1,16.8,12.0,8.1,3.8,6.9,8.4,6.3,14.2,4.3,8.5,9.3
2013-02-01,7.7,7.8,7.6,6.8,13.8,9.7,6.0,25.2,27.5,23.0,22.2,45.4,7.0,7.0,7.0,6.3,6.0,12.6,12.9,13.2,12.7,6.3,6.3,6.3,6.5,6.4,6.6,28.7,23.2,7.7,6.2,5.6,4.5,32.2,24.7,7.7,5.9,5.7,5.7,4.8,25.2,21.6,7.8,6.6,5.5,2.1,0.8,0.6,17.0,15.6,16.3,11.3,7.9,3.9,6.5,8.0,6.2,14.1,4.2,8.2,9.2
2013-03-01,7.5,7.6,7.5,6.7,13.0,9.3,5.1,24.0,25.3,22.7,22.4,34.0,6.9,6.9,6.9,6.1,6.0,12.8,13.1,14.4,11.7,6.2,6.1,6.4,6.4,6.2,6.6,28.4,21.7,7.5,6.1,5.7,4.3,30.4,23.2,7.4,5.7,5.6,5.5,4.7,26.7,20.1,7.5,6.5,5.8,2.0,0.8,0.6,17.2,14.9,16.1,11.1,7.7,3.8,6.3,7.9,5.9,13.8,4.0,8.0,9.0
2013-04-01,7.6,7.8,7.3,6.7,13.3,9.0,5.3,24.4,26.8,21.9,21.9,40.9,6.9,7.2,6.7,6.4,5.7,13.1,13.4,14.4,12.3,6.2,6.3,6.0,6.4,6.5,6.3,27.2,22.6,7.5,5.9,5.9,4.4,30.3,24.6,7.7,5.8,6.1,5.5,4.5,24.4,20.4,7.3,5.9,5.6,2.0,0.8,0.6,17.7,14.9,16.3,11.6,7.5,3.9,6.4,7.9,6.1,13.7,4.1,8.1,9.0
2013-05-01,7.5,7.9,7.1,6.7,13.4,9.0,4.5,24.4,27.1,21.5,21.6,42.4,6.8,7.1,6.5,6.4,5.8,13.5,13.3,14.8,11.6,6.1,6.3,5.9,6.4,6.4,6.3,27.5,22.4,7.2,6.0,5.9,4.4,31.7,24.3,7.2,5.9,6.2,5.3,4.4,23.4,20.3,7.2,6.2,5.6,2.1,0.8,0.6,18.1,14.4,16.3,11.0,7.3,3.9,6.5,7.8,5.8,13.7,3.9,8.0,8.8
2013-06-01,7.5,7.7,7.3,6.6,14.2,9.1,4.7,23.1,26.5,19.5,20.2,43.9,6.9,7.0,6.8,6.2,6.0,13.2,13.5,14.9,11.9,6.2,6.2,6.2,6.5,6.4,6.5,25.8,21.8,7.6,5.9,5.8,4.3,29.7,25.1,7.5,5.8,6.0,5.4,4.6,21.6,18.3,7.8,6.1,5.6,2.2,0.8,0.7,18.0,13.9,16.0,10.7,7.7,3.8,6.5,7.9,6.0,13.8,3.9,8.2,9.1
2013-07-01,7.3,7.7,6.8,6.5,12.6,9.4,5.3,23.3,26.9,19.7,20.3,41.1,6.7,7.0,6.3,6.3,5.6,12.6,12.4,13.8,10.8,6.0,6.2,5.8,6.3,6.4,6.3,28.7,19.9,7.5,5.9,5.6,4.3,32.2,23.8,7.7,5.8,5.6,5.0,4.4,25.3,15.9,7.2,6.0,5.6,2.1,0.8,0.6,17.3,13.3,15.4,10.8,7.5,3.8,6.1,7.6,6.0,14.0,3.8,7.8,8.7
2013-08-01,7.2,7.7,6.7,6.4,12.8,9.2,5.1,22.5,24.9,20.0,19.9,37.0,6.7,7.1,6.2,6.2,5.4,13.4,13.2,14.6,11.6,5.9,6.2,5.5,6.2,6.5,5.9,25.1,21.3,7.7,5.6,5.4,4.3,26.4,24.5,8.3,5.6,5.5,5.0,4.3,23.9,17.8,6.9,5.7,5.2,2.0,0.8,0.6,17.3,13.9,15.7,11.1,7.4,3.4,6.1,7.6,5.6,14.3,3.8,7.8,8.6
2013-09-01,7.2,7.7,6.7,6.3,13.0,8.8,5.4,21.3,24.2,18.1,19.0,34.1,6.7,7.1,6.2,6.1,5.5,14.1,12.8,14.6,10.7,6.0,6.2,5.7,6.2,6.5,5.9,25.6,19.5,7.4,5.6,5.6,4.4,28.4,22.6,7.8,5.7,5.8,5.2,4.4,22.9,15.9,6.9,5.4,5.3,2.0,0.8,0.6,17.2,12.7,15.1,10.5,7.6,3.7,6.1,7.6,5.8,14.5,3.8,7.8,8.6
2013-10-01,7.2,7.5,6.8,6.3,12.8,9.1,5.4,22.2,24.9,19.3,19.2,35.8,6.6,6.9,6.3,6.1,5.4,12.7,12.2,13.7,10.5,6.0,6.1,5.8,6.2,6.3,6.1,23.6,21.4,7.1,5.7,5.8,4.4,23.0,25.9,7.2,5.7,6.0,5.5,4.7,24.1,16.3,6.9,5.7,5.6,2.0,0.8,0.6,16.6,12.9,14.8,10.9,7.2,3.7,6.4,7.6,5.6,14.8,4.0,7.7,8.6
2013-11-01,6.9,7.2,6.7,6.1,12.3,8.7,5.2,20.7,23.1,18.3,18.6,36.6,6.4,6.6,6.2,5.9,5.3,12.0,11.6,12.4,10.8,5.9,6.0,5.7,6.2,6.3,6.0,23.8,19.7,7.3,5.7,5.5,4.2,24.7,22.9,7.4,5.9,5.6,4.9,4.4,23.0,16.5,7.2,5.4,5.3,2.0,0.7,0.6,15.2,12.9,14.1,10.7,7.2,3.4,6.4,7.3,5.6,14.9,3.7,7.4,8.2
2013-12-01,6.7,6.8,6.6,5.9,11.9,8.3,4.3,20.4,21.2,19.6,18.5,34.8,6.2,6.3,6.1,5.6,5.3,11.4,10.8,11.5,10.1,5.6,5.6,5.6,5.8,5.8,5.8,24.0,18.5,6.9,5.4,5.0,3.9,24.7,19.0,7.0,5.2,4.9,5.1,4.5,23.3,18.0,6.8,5.5,5.2,1.9,0.8,0.6,14.0,12.7,13.4,9.8,7.0,3.3,6.2,6.9,5.9,15.0,3.5,7.2,8.1
2014-01-01,6.6,6.8,6.3,5.7,12.1,8.3,4.7,20.4,22.7,18.2,17.2,37.8,6.1,6.2,5.8,5.4,5.1,12.0,11.9,12.9,10.9,5.3,5.5,5.1,5.6,5.7,5.5,21.7,19.7,6.8,5.0,5.0,3.8,23.4,22.0,6.9,4.9,5.2,4.5,3.9,20.1,17.2,6.6,5.1,4.9,1.8,0.7,0.5,15.3,12.9,14.1,9.4,6.5,3.3,5.9,6.9,5.2,14.9,3.4,7.0,8.0
2014-02-01,6.7,6.9,6.4,5.8,11.8,8.2,5.9,21.4,24.8,18.2,18.4,33.8,6.1,6.3,5.9,5.5,5.2,12.6,12.0,13.6,10.4,5.4,5.5,5.4,5.7,5.8,5.7,21.4,21.3,7.1,5.0,5.1,3.8,24.4,24.9,7.0,5.1,5.3,4.5,4.2,18.8,17.7,7.2,4.9,4.9,1.9,0.8,0.5,16.3,12.5,14.5,9.8,6.4,3.4,6.0,6.9,5.5,14.6,3.5,7.1,8.0
2014-03-01,6.7,6.7,6.6,5.8,12.1,7.9,5.5,20.8,23.4,18.1,18.1,36.0,6.1,6.1,6.2,5.2,5.4,11.9,12.4,13.1,11.5,5.4,5.3,5.6,5.7,5.5,5.9,20.6,20.8,6.9,5.2,4.9,3.7,24.8,22.9,6.5,5.0,4.9,4.7,4.2,16.7,18.6,7.3,5.4,5.0,1.9,0.8,0.5,15.8,13.3,14.6,9.4,6.3,3.4,6.0,6.9,5.5,14.2,3.4,7.1,8.0
2014-04-01,6.2,6.4,6.1,5.3,11.6,7.2,5.9,19.4,21.9,16.9,16.6,36.8,5.8,5.9,5.6,5.0,4.7,11.1,10.8,12.2,9.2,5.2,5.2,5.2,5.4,5.3,5.5,21.5,18.3,6.7,4.9,4.6,3.5,26.5,19.6,6.6,4.8,4.5,4.7,3.8,17.1,16.9,6.7,5.0,4.8,1.7,0.7,0.5,14.6,11.3,13.0,8.7,6.2,3.3,5.7,6.5,5.3,13.8,3.3,6.7,7.6
2014-05-01,6.3,6.4,6.2,5.4,11.4,7.7,5.7,19.3,20.8,17.7,17.2,30.4,5.8,5.9,5.8,5.0,4.9,11.7,11.1,12.2,10.0,5.2,5.2,5.2,5.4,5.4,5.4,23.1,17.3,6.6,5.0,4.5,3.4,25.0,18.5,6.7,4.9,4.3,4.6,4.0,21.4,16.0,6.4,5.1,4.6,1.8,0.7,0.6,14.4,12.1,13.3,9.2,6.5,3.2,5.5,6.5,5.5,13.6,3.2,6.8,7.7
2014-06-01,6.1,6.3,5.8,5.3,11.0,7.8,4.7,20.4,22.1,18.8,18.7,31.9,5.5,5.7,5.3,4.9,4.7,11.0,10.5,11.8,9.1,5.0,5.1,4.9,5.1,5.1,5.1,23.6,18.6,6.5,4.7,4.2,3.4,26.7,19.9,6.6,4.5,4.1,4.5,3.7,20.9,17.3,6.3,4.9,4.3,1.8,0.7,0.5,14.4,11.8,13.1,9.2,5.9,3.3,5.2,6.2,5.4,13.6,3.1,6.5,7.3
2014-07-01,6.2,6.2,6.1,5.3,11.6,7.7,4.2,20.3,22.0,18.5,18.6,34.8,5.6,5.7,5.6,4.7,4.8,11.6,11.0,12.3,9.5,5.0,4.9,5.1,5.1,5.0,5.3,23.1,18.5,6.5,4.8,4.1,3.3,25.6,19.9,6.5,4.8,3.8,4.5,3.8,20.7,17.1,6.6,4.8,4.5,1.9,0.7,0.5,14.8,12.0,13.5,9.5,6.1,3.1,5.3,6.4,5.4,13.8,3.1,6.6,7.4
2014-08-01,6.1,6.3,6.0,5.3,11.4,7.4,4.5,19.4,21.2,17.6,17.4,30.8,5.7,5.7,5.6,4.9,4.7,10.8,11.0,11.9,9.9,5.0,5.0,5.1,5.3,5.2,5.3,23.2,17.2,6.8,4.8,4.1,3.2,25.9,18.9,6.6,4.9,4.1,4.5,3.7,20.7,15.5,7.1,4.7,4.1,1.9,0.7,0.5,14.3,12.0,13.2,9.2,6.1,3.2,5.3,6.2,5.5,14.0,3.0,6.6,7.4
2014-09-01,5.9,5.9,6.0,5.1,11.0,6.8,4.4,20.1,22.3,17.9,18.7,29.7,5.4,5.3,5.5,4.4,4.7,11.0,11.6,12.7,10.3,4.7,4.5,4.9,4.9,4.6,5.3,21.0,19.7,6.3,4.4,4.1,2.9,21.9,22.8,5.9,4.0,4.0,3.9,3.7,20.2,16.7,6.7,4.8,4.3,1.8,0.7,0.5,15.2,12.4,13.8,8.5,5.4,2.9,5.4,6.0,5.8,14.0,2.9,6.4,7.2
2014-10-01,5.7,5.6,5.9,4.9,10.6,6.8,5.1,18.7,19.6,17.9,16.4,32.9,5.2,5.1,5.4,4.2,4.6,10.3,10.3,10.0,10.5,4.7,4.5,4.8,4.9,4.6,5.1,22.1,17.1,6.1,4.4,4.0,3.0,24.8,17.2,5.9,4.1,3.8,4.1,3.6,19.4,16.9,6.4,4.7,4.3,1.8,0.7,0.5,12.6,12.6,12.6,8.1,5.7,3.0,4.9,5.9,5.1,13.7,2.8,6.2,7.1
2014-11-01,5.8,5.9,5.8,5.0,10.9,6.6,4.8,17.2,17.1,17.2,15.5,28.9,5.4,5.4,5.3,4.6,4.5,11.0,10.8,11.6,10.0,4.8,4.8,4.7,4.9,4.8,4.9,17.4,17.7,6.0,4.4,4.2,3.2,19.2,16.6,6.0,4.3,4.2,4.5,3.5,15.4,18.8,6.0,4.6,4.1,1.8,0.7,0.5,13.1,12.0,12.5,8.6,5.7,3.2,4.9,6.0,5.1,13.2,2.9,6.2,7.1
2014-12-01,5.6,5.7,5.4,4.7,10.6,6.4,4.4,16.9,19.1,14.5,14.2,33.4,5.1,5.2,5.1,4.3,4.4,10.9,10.5,11.3,9.5,4.5,4.5,4.5,4.7,4.6,4.8,18.7,15.5,5.8,4.3,4.0,3.0,19.2,18.5,5.6,4.2,4.0,3.9,3.2,18.3,12.4,6.1,4.3,4.0,1.7,0.6,0.5,13.4,10.9,12.2,8.6,5.3,2.8,5.0,5.7,4.9,12.6,2.8,6.0,6.9
2015-01-01,5.7,5.8,5.5,4.9,10.3,6.7,4.0,18.5,20.0,17.0,16.1,29.8,5.2,5.3,5.0,4.5,4.4,10.5,9.6,11.3,7.7,4.6,4.6,4.6,4.8,4.7,4.9,19.6,18.0,5.9,4.4,4.2,3.0,21.1,19.3,5.8,4.4,4.0,4.1,3.3,18.3,16.5,5.9,4.4,4.4,1.7,0.6,0.6,13.6,10.3,12.0,8.3,5.4,2.8,5.2,5.8,5.0,12.2,2.7,6.1,6.9
2015-02-01,5.5,5.6,5.3,4.7,10.1,6.8,4.0,16.9,17.9,16.0,14.7,30.5,5.1,5.2,4.9,4.5,4.2,10.0,10.0,10.8,9.1,4.5,4.6,4.4,4.6,4.6,4.5,17.6,16.7,5.4,4.4,3.9,3.0,18.2,17.9,5.6,4.2,3.9,4.2,3.2,17.0,15.3,5.2,4.6,3.9,1.7,0.6,0.6,12.6,11.0,11.8,8.2,5.4,2.7,5.0,5.7,4.8,12.0,2.7,5.9,6.7
2015-03-01,5.4,5.6,5.3,4.8,9.9,6.8,3.2,17.5,19.7,15.3,15.8,25.6,5.0,5.1,4.9,4.4,4.2,9.9,10.7,11.3,10.0,4.4,4.4,4.3,4.5,4.5,4.6,17.6,17.3,5.7,4.1,3.7,2.8,19.4,19.6,5.7,4.1,3.7,3.9,3.0,15.9,14.9,5.7,4.2,3.8,1.7,0.5,0.6,13.6,11.4,12.5,8.6,5.3,2.4,4.8,5.6,5.0,12.1,2.6,5.9,6.7
2015-04-01,5.4,5.5,5.4,4.7,9.7,6.8,4.4,17.2,18.3,15.9,14.9,27.8,5.0,5.0,5.0,4.4,4.2,9.2,9.7,10.7,8.7,4.5,4.4,4.5,4.7,4.5,4.9,18.9,16.1,5.8,4.3,3.9,3.0,20.5,16.9,5.4,4.1,4.0,4.0,3.3,17.2,15.3,6.3,4.6,3.7,1.7,0.6,0.5,12.8,10.7,11.8,8.4,5.5,2.7,4.7,5.6,5.0,12.1,2.6,5.9,6.7
2015-05-01,5.6,5.7,5.5,4.8,10.3,6.8,4.1,17.8,20.6,14.8,15.6,29.0,5.1,5.2,5.1,4.3,4.4,10.6,10.3,11.4,9.0,4.5,4.4,4.6,4.7,4.6,4.9,19.5,16.8,5.8,4.5,3.9,2.9,22.2,19.3,5.6,4.3,3.7,3.8,3.4,16.6,14.1,6.0,4.7,4.1,1.7,0.6,0.5,13.8,10.6,12.3,8.7,5.8,2.8,4.4,5.7,5.0,12.1,2.8,6.0,6.8
2015-06-01,5.3,5.3,5.1,4.6,9.7,6.7,3.9,18.0,20.1,16.0,15.5,32.2,4.8,4.8,4.7,4.2,4.2,9.5,9.7,10.8,8.6,4.2,4.2,4.3,4.3,4.3,4.4,18.8,17.9,5.6,4.0,3.4,2.8,20.1,20.7,5.3,4.1,3.4,3.7,3.0,17.4,15.1,5.8,3.8,3.5,1.6,0.6,0.5,13.2,10.6,11.9,8.2,5.4,2.5,4.2,5.2,5.2,12.1,2.6,5.6,6.4
2015-07-01,5.2,5.2,5.2,4.5,9.1,6.9,3.9,16.4,17.8,15.1,13.8,28.0,4.8,4.8,4.8,4.2,4.2,8.9,9.7,10.5,8.8,4.2,4.1,4.4,4.4,4.3,4.6,17.7,15.3,5.5,4.1,3.7,2.8,19.2,16.2,5.5,3.8,3.5,3.7,3.2,16.3,14.4,5.5,4.4,3.9,1.6,0.5,0.5,12.4,10.5,11.5,8.3,5.5,2.5,4.3,5.3,5.0,12.1,2.6,5.6,6.3
2015-08-01,5.1,5.1,5.0,4.4,9.4,6.6,3.4,16.9,17.5,16.2,14.2,30.4,4.6,4.7,4.6,4.1,4.0,9.2,9.1,10.1,8.0,4.1,4.0,4.2,4.2,4.1,4.4,19.0,15.4,5.1,3.8,3.7,2.7,19.8,16.2,5.1,3.5,3.6,3.8,3.1,18.1,14.5,5.1,4.2,3.9,1.5,0.5,0.5,12.1,10.2,11.1,7.9,5.5,2.4,4.3,5.1,4.8,12.1,2.5,5.5,6.2
2015-09-01,5.0,5.1,5.0,4.4,9.3,6.2,3.5,16.5,17.1,15.8,14.0,31.4,4.6,4.7,4.6,4.1,3.9,8.9,9.2,10.4,8.0,4.1,4.1,4.2,4.2,4.1,4.3,18.2,15.8,5.1,4.0,3.4,2.7,19.6,16.4,5.2,3.7,3.3,3.8,3.1,16.8,15.3,5.0,4.4,3.5,1.5,0.5,0.5,12.2,10.1,11.2,7.9,5.3,2.5,4.3,5.1,4.8,12.0,2.5,5.4,6.2
2015-10-01,5.0,5.1,5.0,4.4,9.0,6.3,3.5,15.9,16.5,15.3,14.1,26.0,4.6,4.7,4.6,4.1,4.0,8.8,9.2,10.3,8.0,4.1,4.1,4.2,4.4,4.3,4.4,18.0,15.0,5.3,4.1,3.7,2.8,19.3,15.3,5.4,3.8,3.6,3.5,3.0,16.6,14.7,5.1,4.5,3.7,1.5,0.5,0.5,11.9,10.0,11.0,7.6,5.2,2.5,4.4,5.1,4.7,12.0,2.5,5.4,6.2
2015-11-01,5.1,5.2,5.0,4.4,9.4,6.4,3.9,15.3,17.5,13.1,13.6,23.5,4.7,4.8,4.6,4.1,4.0,10.0,9.7,11.4,7.9,4.2,4.1,4.3,4.3,4.2,4.4,16.5,15.0,5.5,4.0,3.4,2.7,17.9,17.7,5.6,3.7,3.3,3.7,3.1,15.0,12.1,5.4,4.3,3.5,1.6,0.6,0.5,13.0,9.3,11.2,6.8,5.4,2.5,4.4,5.1,4.9,12.0,2.5,5.4,6.1
2015-12-01,5.0,5.1,4.9,4.4,8.5,6.2,4.1,16.2,17.4,15.0,14.8,24.2,4.6,4.6,4.5,4.1,3.9,8.7,9.2,10.0,8.3,4.0,4.0,4.0,4.3,4.3,4.4,17.4,15.5,5.3,4.0,3.7,2.7,19.9,16.0,5.5,3.8,3.4,3.2,3.1,14.9,14.9,5.1,4.3,3.9,1.6,0.5,0.5,12.0,10.1,11.1,6.4,5.6,2.5,4.1,5.1,4.6,11.9,2.4,5.4,6.1
2016-01-01,4.8,4.8,4.9,4.2,8.5,5.9,3.6,15.9,17.7,14.2,14.4,24.9,4.4,4.3,4.5,3.7,3.9,8.2,7.8,8.6,6.8,4.0,3.9,4.2,4.2,3.9,4.4,18.3,14.7,5.0,3.9,3.5,2.5,20.3,16.0,4.9,3.4,3.3,3.7,3.0,16.3,13.4,5.1,4.4,3.7,1.6,0.5,0.5,11.1,8.9,10.0,7.1,5.1,2.5,4.3,4.8,5.0,11.7,2.2,5.2,6.0
2016-02-01,4.9,4.9,4.8,4.2,8.6,5.5,3.8,15.4,16.7,14.1,13.9,23.2,4.4,4.4,4.5,3.8,3.9,8.5,8.6,9.2,8.0,4.0,3.9,4.1,4.1,3.9,4.3,18.7,13.9,5.0,3.7,3.5,2.5,21.6,14.8,4.9,3.5,3.2,3.8,2.9,15.9,13.0,5.0,4.0,3.8,1.5,0.5,0.5,11.3,9.7,10.5,7.0,5.1,2.5,4.3,4.9,4.8,11.6,2.3,5.2,5.9
2016-03-01,5.0,4.9,5.1,4.3,8.9,5.6,3.9,16.0,17.4,14.6,14.2,24.6,4.6,4.5,4.7,3.9,4.0,8.5,8.6,9.0,8.2,4.1,4.0,4.3,4.2,4.0,4.4,19.2,14.3,5.2,3.8,3.6,2.8,23.6,14.5,4.9,3.4,3.5,3.9,3.1,15.3,14.0,5.5,4.2,3.6,1.6,0.5,0.5,11.3,10.0,10.7,7.3,5.3,2.6,4.1,5.0,4.8,11.5,2.4,5.4,6.1
2016-04-01,5.1,5.1,5.0,4.4,8.8,6.2,3.8,16.1,16.8,15.4,13.8,25.1,4.6,4.7,4.6,4.0,4.0,9.2,9.1,9.6,8.4,4.1,4.1,4.2,4.3,4.2,4.4,19.4,14.1,5.2,4.1,3.6,2.7,21.1,14.0,5.3,3.7,3.5,3.7,3.2,17.9,14.2,5.0,4.5,3.7,1.5,0.5,0.5,11.5,10.5,11.0,7.6,5.5,2.5,4.2,5.1,4.6,11.5,2.5,5.4,6.1
2016-05-01,4.8,4.8,4.8,4.2,8.2,5.7,4.1,15.9,16.0,15.8,14.2,26.0,4.4,4.4,4.3,3.9,3.7,7.6,8.3,8.9,7.6,3.9,3.9,3.9,4.1,3.9,4.2,18.3,14.4,5.1,3.6,3.5,2.7,18.7,14.5,5.1,3.4,3.2,3.4,3.0,18.0,14.2,5.1,3.8,3.8,1.4,0.6,0.5,10.8,10.0,10.4,7.4,5.1,2.5,3.9,4.8,4.6,11.6,2.4,5.2,5.9
2016-06-01,4.9,4.9,4.8,4.3,8.7,6.0,3.6,16.0,17.3,14.5,13.9,33.6,4.5,4.5,4.4,4.0,3.9,8.2,8.4,9.1,7.6,4.0,3.9,4.1,4.2,4.0,4.3,16.9,15.3,5.2,3.8,3.5,2.7,18.8,16.6,5.1,3.6,3.4,3.5,3.1,15.1,13.8,5.3,4.0,3.6,1.4,0.6,0.5,11.3,9.5,10.5,7.6,5.1,2.5,4.1,4.8,4.9,11.6,2.4,5.2,5.9
2016-07-01,4.8,5.0,4.5,4.2,8.2,5.4,3.8,15.2,15.6,14.7,14.2,25.9,4.4,4.7,4.1,4.1,3.5,8.2,8.8,10.1,7.3,3.9,4.0,3.7,4.0,4.1,3.8,14.2,15.9,5.0,3.4,3.4,2.6,12.2,17.2,5.1,3.5,3.6,3.6,2.9,16.0,14.4,5.0,3.3,3.2,1.4,0.5,0.5,11.6,9.4,10.6,6.5,5.1,2.4,4.2,4.8,5.0,11.7,2.3,5.1,5.9
2016-08-01,4.9,5.0,4.8,4.4,8.0,5.6,4.1,15.7,17.5,13.8,13.9,27.2,4.5,4.5,4.4,4.1,3.8,7.5,8.1,9.4,6.6,4.1,4.0,4.2,4.3,4.1,4.4,16.9,14.9,5.1,4.0,3.6,2.7,17.9,17.1,5.0,3.8,3.4,3.5,2.9,16.0,12.4,5.3,4.3,3.7,1.4,0.5,0.6,11.7,8.6,10.2,7.4,5.0,2.6,4.2,4.8,5.1,11.8,2.3,5.2,5.9
2016-09-01,5.0,5.1,4.8,4.4,8.5,6.2,3.8,16.1,16.6,15.6,14.5,28.1,4.5,4.7,4.4,4.2,3.8,8.4,8.2,9.3,7.0,4.2,4.2,4.1,4.3,4.3,4.4,17.5,15.4,5.2,4.2,3.6,2.9,18.8,15.7,5.2,4.1,3.4,3.6,3.0,16.2,15.1,5.2,4.3,3.8,1.5,0.5,0.6,11.3,9.4,10.4,8.7,5.2,2.5,4.2,5.0,5.0,12.0,2.4,5.3,6.1
2016-10-01,4.9,5.0,4.7,4.4,8.5,5.7,3.4,15.8,17.7,13.8,14.3,27.6,4.5,4.6,4.4,4.1,3.9,8.7,8.6,10.0,7.0,4.0,4.0,4.1,4.2,4.1,4.3,20.3,13.4,5.1,3.9,3.5,2.8,21.7,16.0,5.1,3.8,3.3,3.7,3.0,19.1,10.3,5.1,4.2,3.7,1.5,0.5,0.6,12.1,8.9,10.6,7.5,5.5,2.6,3.9,4.9,5.1,12.1,2.3,5.2,5.9
2016-11-01,4.7,4.9,4.6,4.2,8.2,5.6,3.1,15.5,18.4,12.4,14.4,26.6,4.3,4.4,4.3,3.9,3.7,7.9,8.3,9.3,7.2,3.9,3.9,4.0,4.0,4.0,4.1,17.4,14.4,4.9,3.6,3.5,2.7,22.3,16.4,5.1,3.6,3.3,3.6,2.8,12.6,12.2,4.8,3.6,3.8,1.4,0.5,0.6,11.8,8.6,10.3,7.9,5.0,2.4,3.9,4.8,4.4,12.0,2.2,5.1,5.9
2016-12-01,4.7,4.8,4.6,4.2,8.0,5.8,2.7,14.9,17.3,12.4,13.5,27.0,4.3,4.4,4.3,4.0,3.8,7.8,8.2,9.3,7.0,3.9,3.9,4.0,4.0,3.9,4.1,17.4,13.3,4.7,4.0,3.3,2.7,20.6,15.3,4.7,3.8,3.1,3.6,3.0,14.5,11.1,4.7,4.2,3.5,1.4,0.5,0.6,11.5,8.5,10.0,7.5,5.1,2.5,3.8,4.7,4.8,11.9,2.3,5.0,5.7
2017-01-01,4.7,4.7,4.7,4.2,7.5,5.8,3.6,14.6,15.9,13.4,12.9,26.1,4.3,4.3,4.3,3.9,3.9,7.3,8.2,9.3,7.0,3.9,3.8,4.1,4.1,4.0,4.2,15.8,14.0,4.9,4.0,3.3,2.7,17.3,15.0,4.9,3.9,3.0,3.5,3.1,14.3,13.0,4.9,4.1,3.5,1.4,0.5,0.5,11.1,8.8,10.0,7.4,5.2,2.5,3.9,4.7,4.7,11.8,2.3,5.0,5.6
2017-02-01,4.6,4.6,4.6,4.0,8.0,5.6,3.5,14.6,15.5,13.5,12.8,22.9,4.2,4.2,4.2,3.7,3.7,7.9,8.0,9.6,6.4,3.9,3.8,4.0,4.0,3.9,4.2,17.4,13.0,4.7,4.1,3.1,2.6,16.9,14.7,4.9,3.8,2.9,3.4,3.0,17.8,11.1,4.6,4.5,3.4,1.4,0.5,0.5,11.2,8.4,9.8,7.5,4.9,2.4,4.1,4.5,5.1,11.5,2.3,4.9,5.6
2017-03-01,4.4,4.5,4.3,3.8,7.8,5.0,3.2,13.4,14.7,12.1,12.0,23.4,4.1,4.2,4.0,3.5,3.5,8.1,7.2,8.3,6.1,3.7,3.7,3.7,3.8,3.8,3.8,16.9,11.3,4.4,3.9,3.1,2.5,18.2,12.8,4.6,3.7,3.0,3.3,2.7,15.6,9.8,4.1,4.1,3.3,1.3,0.5,0.5,10.1,7.9,9.0,6.5,4.9,2.5,3.6,4.3,4.8,11.2,2.2,4.7,5.4
2017-04-01,4.4,4.4,4.5,3.9,7.7,5.2,3.3,14.4,15.5,13.2,12.7,26.5,4.0,3.9,4.1,3.5,3.6,6.9,7.3,8.2,6.4,3.6,3.4,3.9,3.8,3.5,4.1,17.4,12.7,4.3,3.6,3.4,2.4,16.4,15.4,4.3,3.4,2.8,3.2,2.8,18.3,9.8,4.4,3.9,4.0,1.3,0.5,0.5,10.2,8.3,9.3,6.5,4.6,2.5,3.6,4.3,5.0,10.9,2.2,4.7,5.4
2017-05-01,4.4,4.3,4.4,3.7,7.7,5.2,3.6,14.2,15.2,13.3,11.0,26.2,4.0,3.9,4.1,3.5,3.5,6.6,6.6,7.7,5.3,3.7,3.4,4.0,3.9,3.6,4.2,13.3,14.6,4.9,3.4,3.3,2.4,13.2,16.2,4.7,3.0,3.1,3.1,2.7,13.3,12.8,5.2,3.8,3.5,1.3,0.4,0.5,9.7,7.6,8.7,6.1,4.7,2.3,4.0,4.2,4.8,10.6,2.1,4.6,5.3
2017-06-01,4.3,4.3,4.3,3.8,6.9,5.0,3.7,13.6,14.9,12.3,11.9,20.3,3.9,3.9,3.9,3.6,3.4,6.2,7.3,8.3,6.1,3.6,3.4,3.7,3.7,3.6,3.9,13.6,13.2,4.3,3.2,3.5,2.2,14.5,14.6,4.4,3.0,3.3,3.1,2.7,12.9,11.7,4.2,3.5,3.8,1.2,0.4,0.5,10.1,7.9,9.1,6.5,4.5,2.3,3.7,4.3,4.1,10.4,2.1,4.6,5.2
2017-07-01,4.3,4.4,4.2,3.8,7.3,5.1,3.7,13.2,14.9,11.6,11.3,23.7,4.0,4.0,3.9,3.5,3.5,7.1,7.3,8.0,6.6,3.6,3.5,3.6,3.7,3.7,3.7,15.4,11.3,4.5,3.4,3.2,2.3,17.3,12.8,4.4,3.4,3.3,3.1,2.8,13.8,9.8,4.5,3.4,3.1,1.3,0.4,0.5,9.8,8.0,8.9,7.1,4.5,2.3,3.7,4.3,4.5,10.4,2.1,4.6,5.2
2017-08-01,4.4,4.5,4.3,3.9,7.7,5.1,3.9,13.9,14.9,13.0,12.0,24.6,4.0,4.1,4.0,3.6,3.5,7.7,6.9,7.6,6.2,3.7,3.7,3.7,3.9,3.9,3.9,15.0,13.3,4.8,3.3,3.6,2.6,14.8,15.1,4.8,3.2,3.6,3.1,2.7,15.2,11.5,4.7,3.4,3.6,1.3,0.4,0.5,9.5,8.2,8.9,6.1,5.0,2.4,3.7,4.4,4.5,10.5,2.2,4.7,5.3
2017-09-01,4.3,4.3,4.2,3.7,7.2,5.1,3.6,12.9,15.1,10.7,11.3,23.7,3.9,3.9,3.9,3.5,3.4,6.9,7.6,8.6,6.4,3.5,3.4,3.6,3.6,3.5,3.7,13.3,12.7,4.4,3.1,3.1,2.4,15.1,15.2,4.4,2.9,3.1,3.3,2.5,11.7,10.2,4.5,3.5,3.1,1.3,0.4,0.5,10.4,7.6,9.1,6.7,4.3,2.3,3.6,4.3,4.2,10.7,2.1,4.5,5.2
2017-10-01,4.2,4.3,4.0,3.6,7.6,5.0,3.0,14.0,16.5,11.5,12.3,22.0,3.8,3.9,3.7,3.3,3.2,7.7,7.4,8.3,6.5,3.4,3.4,3.4,3.5,3.4,3.6,15.7,13.1,4.6,3.1,2.8,2.2,18.4,15.7,4.5,2.8,2.8,3.2,2.5,13.2,10.5,4.6,3.3,2.7,1.3,0.4,0.5,10.5,7.9,9.2,6.0,4.2,2.1,3.7,4.1,4.6,11.3,2.0,4.5,5.1
2017-11-01,4.2,4.3,4.1,3.7,7.5,4.9,3.1,16.2,18.8,13.8,14.7,25.8,3.8,3.8,3.7,3.3,3.2,7.6,7.4,8.6,6.1,3.4,3.3,3.5,3.5,3.3,3.7,19.0,14.6,4.5,3.1,2.8,2.1,21.1,17.5,4.3,2.7,2.8,3.1,2.4,17.0,11.9,4.6,3.6,2.8,1.3,0.4,0.5,11.3,8.3,9.8,5.4,4.4,2.1,3.7,4.0,5.0,10.9,2.0,4.5,5.1
2017-12-01,4.1,4.2,4.1,3.7,6.7,5.0,2.6,13.6,15.0,12.3,11.7,23.2,3.8,3.8,3.8,3.4,3.4,6.7,7.3,8.0,6.6,3.4,3.4,3.5,3.5,3.4,3.6,14.9,13.1,4.5,3.1,2.8,2.2,16.2,15.0,4.4,2.7,2.8,3.4,2.6,13.9,11.2,4.6,3.5,2.7,1.2,0.4,0.4,9.8,8.3,9.1,6.3,4.2,2.2,3.6,4.1,4.4,10.7,2.0,4.4,5.1
2018-01-01,4.0,4.1,4.0,3.5,7.5,4.9,2.9,13.8,14.4,13.1,12.3,23.5,3.7,3.7,3.6,3.2,3.0,7.4,7.4,8.3,6.4,3.3,3.3,3.3,3.4,3.4,3.5,14.8,13.1,4.2,3.1,2.9,2.2,12.7,15.0,3.9,3.1,3.1,2.9,2.4,16.7,11.0,4.7,3.1,2.8,1.2,0.4,0.4,9.9,8.4,9.2,5.4,4.5,2.1,3.4,3.9,4.6,10.4,2.0,4.3,4.9
2018-02-01,4.1,4.0,4.1,3.6,6.8,4.9,3.0,14.4,16.3,12.5,12.4,26.0,3.7,3.6,3.7,3.3,3.3,5.9,6.9,7.7,5.9,3.4,3.3,3.5,3.4,3.2,3.7,15.7,13.5,4.2,3.2,2.8,2.0,17.6,15.5,3.9,2.8,2.7,3.2,2.7,14.0,11.3,4.6,3.6,3.0,1.2,0.4,0.5,10.1,7.9,9.0,5.7,4.4,2.2,3.5,4.0,4.6,10.2,2.0,4.3,5.0
2018-03-01,4.0,4.0,4.0,3.5,6.7,4.9,3.1,13.2,15.1,11.3,10.7,25.8,3.7,3.6,3.7,3.2,3.2,5.9,6.4,7.0,5.8,3.3,3.2,3.4,3.4,3.3,3.5,15.3,12.1,4.0,3.2,2.9,2.0,17.2,13.9,3.9,3.0,2.8,3.2,2.6,13.5,10.2,4.0,3.5,2.9,1.2,0.4,0.5,9.2,7.4,8.3,5.5,4.3,2.3,3.5,3.9,4.4,9.9,1.9,4.3,4.9
2018-04-01,4.0,4.1,3.9,3.6,6.4,4.8,2.9,12.7,14.6,10.7,10.8,26.3,3.7,3.7,3.6,3.4,3.2,6.1,6.7,7.5,5.9,3.3,3.3,3.3,3.4,3.3,3.5,14.6,12.0,4.3,3.0,2.8,2.1,18.0,13.3,4.5,2.7,2.7,3.0,2.5,11.5,10.5,4.1,3.4,3.0,1.2,0.4,0.5,9.4,7.3,8.4,5.9,4.3,2.1,3.4,3.9,4.2,9.7,1.9,4.2,4.8
2018-05-01,3.8,4.0,3.6,3.5,5.9,4.8,2.2,13.1,16.1,10.0,11.6,19.2,3.5,3.6,3.4,3.2,3.1,6.1,6.9,7.7,6.2,3.1,3.1,3.1,3.2,3.1,3.3,14.7,12.0,3.9,2.9,2.8,2.0,18.2,14.8,3.8,2.6,2.8,2.8,2.3,11.2,9.1,3.9,3.1,2.7,1.2,0.4,0.5,10.0,7.3,8.6,5.2,3.9,2.0,3.2,3.7,4.2,9.5,1.8,4.1,4.7
2018-06-01,4.0,4.1,3.9,3.5,6.4,4.5,3.2,12.6,14.8,10.4,11.1,20.0,3.6,3.7,3.6,3.3,3.2,6.4,7.4,8.2,6.4,3.2,3.2,3.3,3.3,3.2,3.5,13.7,11.7,3.9,3.0,3.1,2.0,16.0,13.5,3.7,2.8,3.1,3.0,2.5,11.5,9.8,4.1,3.2,3.1,1.2,0.3,0.5,10.0,7.6,8.8,5.5,4.1,2.3,3.3,3.9,4.2,9.2,1.9,4.2,4.8
2018-07-01,3.8,3.8,3.9,3.4,6.5,4.5,3.0,12.9,15.0,10.9,11.4,20.0,3.5,3.4,3.6,2.9,3.2,6.1,6.9,7.4,6.3,3.1,3.0,3.3,3.1,3.0,3.3,13.0,12.9,3.5,2.9,2.9,2.0,15.2,14.8,3.5,2.5,2.9,3.0,2.5,11.1,10.9,3.4,3.5,2.9,1.1,0.3,0.5,9.5,7.6,8.6,5.0,4.1,2.2,3.1,3.7,4.3,9.0,1.8,4.1,4.7
2018-08-01,3.8,3.8,3.8,3.4,6.3,4.7,2.9,12.8,14.5,11.0,11.4,20.4,3.5,3.5,3.5,3.1,3.2,5.9,6.5,7.3,5.7,3.1,3.1,3.2,3.2,3.1,3.3,13.4,12.5,4.1,2.8,2.6,2.0,14.8,14.6,4.1,2.6,2.5,3.0,2.4,12.1,10.2,4.0,3.1,2.7,1.1,0.4,0.5,9.3,7.2,8.2,5.6,4.0,2.0,3.5,3.7,4.3,8.7,1.7,4.1,4.7
2018-09-01,3.7,3.8,3.6,3.3,6.1,4.6,3.5,12.3,13.0,11.7,10.9,20.9,3.4,3.5,3.3,3.1,2.9,5.9,6.9,7.5,6.4,3.0,3.1,3.0,3.1,3.1,3.0,13.0,12.0,3.6,2.9,2.7,2.0,13.6,12.7,3.6,3.0,2.7,2.9,2.1,12.5,11.3,3.5,2.8,2.7,1.2,0.4,0.5,9.0,7.9,8.4,5.7,3.7,2.0,3.2,3.6,4.5,8.5,1.7,4.0,4.7
2018-10-01,3.8,3.9,3.7,3.4,6.5,4.4,3.1,12.1,12.7,11.6,10.3,23.3,3.5,3.6,3.4,3.1,3.1,6.7,7.0,7.7,6.3,3.1,3.1,3.1,3.2,3.3,3.1,10.8,13.0,3.8,3.0,2.7,2.0,11.5,13.5,4.0,3.1,2.7,2.9,2.3,10.1,12.4,3.6,2.9,2.8,1.2,0.4,0.4,9.1,7.9,8.5,5.9,4.0,2.0,3.0,3.7,4.5,8.3,1.8,4.1,4.7
2018-11-01,3.8,3.7,3.8,3.4,6.1,4.7,2.8,12.4,12.6,12.2,10.9,19.6,3.4,3.4,3.5,3.0,3.2,6.0,6.7,7.4,6.0,3.1,3.0,3.2,3.2,3.0,3.4,13.5,12.0,3.9,2.9,2.6,1.9,14.9,11.8,3.5,2.9,2.6,2.9,2.4,12.4,12.1,4.3,3.0,2.7,1.2,0.4,0.4,8.8,7.8,8.3,5.9,3.5,2.2,3.2,3.6,4.6,8.3,1.8,4.0,4.7
2018-12-01,3.9,4.0,3.8,3.5,6.6,4.4,3.3,12.6,14.1,11.2,11.3,19.9,3.6,3.6,3.5,3.2,3.1,6.4,7.4,8.0,6.9,3.2,3.2,3.2,3.3,3.3,3.3,13.8,12.1,4.1,2.9,2.9,2.1,15.2,13.8,3.8,2.9,3.1,3.0,2.4,12.6,10.4,4.3,2.8,2.8,1.2,0.4,0.5,9.7,8.1,8.9,5.9,3.8,2.2,3.3,3.7,4.7,8.4,1.8,4.1,4.8
2019-01-01,4.0,4.0,3.9,3.5,7.0,4.8,3.0,13.2,13.9,12.5,11.9,20.9,3.6,3.6,3.6,3.2,3.2,7.3,7.8,8.8,6.8,3.2,3.2,3.3,3.3,3.2,3.3,14.9,12.0,3.9,2.9,2.9,2.1,15.2,13.2,3.8,2.9,2.8,3.2,2.4,14.6,10.9,4.0,2.9,3.1,1.2,0.4,0.5,10.2,8.4,9.3,5.7,3.8,2.4,3.5,3.9,4.1,8.6,1.9,4.2,4.9
2019-02-01,3.8,3.7,3.8,3.2,7.2,4.2,3.2,13.8,15.2,12.5,11.6,27.3,3.4,3.4,3.4,2.8,3.0,7.4,7.3,7.8,6.7,3.1,3.0,3.1,3.2,3.1,3.2,17.1,11.9,4.0,2.6,2.8,1.8,18.5,13.4,3.8,2.6,2.9,2.7,2.3,15.7,10.5,4.3,2.6,2.7,1.2,0.4,0.5,9.8,8.4,9.1,5.3,3.8,2.2,3.2,3.7,4.1,8.7,1.7,4.0,4.6
2019-03-01,3.8,3.9,3.7,3.3,6.7,4.7,3.0,12.7,13.8,11.6,11.4,23.8,3.5,3.5,3.4,3.1,3.0,6.8,7.0,8.5,5.4,3.1,3.0,3.1,3.2,3.2,3.3,13.2,12.4,3.9,2.9,2.9,1.9,12.3,14.6,3.6,2.9,2.9,2.7,2.5,14.2,10.4,4.2,2.8,2.8,1.2,0.4,0.5,10.0,7.2,8.6,5.9,3.7,2.1,3.4,3.7,4.3,8.6,1.7,4.1,4.7
2019-04-01,3.7,3.8,3.5,3.2,6.7,4.2,2.3,13.1,15.2,11.0,11.4,24.9,3.3,3.4,3.2,3.0,2.8,6.8,6.5,7.6,5.5,2.9,2.9,2.9,3.1,3.0,3.1,14.8,12.4,3.8,2.7,2.5,1.8,13.0,16.7,3.6,2.7,2.8,2.6,1.9,16.8,8.2,4.1,2.7,2.3,1.2,0.4,0.4,9.6,7.0,8.3,5.3,3.4,2.1,3.1,3.5,4.2,8.4,1.7,3.9,4.5
2019-05-01,3.6,3.7,3.6,3.2,6.1,4.2,2.6,12.9,14.4,11.4,11.5,23.8,3.3,3.3,3.3,2.9,2.9,5.9,6.9,8.2,5.6,2.9,2.8,3.0,2.9,2.9,3.0,14.2,12.2,3.5,2.6,2.6,1.7,16.9,12.9,3.5,2.5,2.6,2.7,2.4,11.4,11.6,3.6,2.8,2.6,1.1,0.4,0.5,9.8,7.2,8.5,5.1,3.5,2.1,2.7,3.5,4.2,8.1,1.6,3.9,4.5
2019-06-01,3.6,3.7,3.6,3.3,5.8,4.3,2.0,12.6,13.5,11.6,11.1,19.7,3.3,3.3,3.3,2.9,3.1,5.5,6.1,7.4,4.6,3.0,2.8,3.2,3.0,2.9,3.1,14.1,11.6,3.5,2.7,2.8,1.8,13.6,13.1,3.6,2.3,2.9,2.9,2.4,14.7,10.1,3.5,3.1,2.7,1.1,0.3,0.5,9.1,6.6,7.9,5.2,3.8,2.1,3.0,3.5,4.3,7.7,1.6,3.9,4.5
2019-07-01,3.7,3.7,3.7,3.4,5.7,4.5,2.8,12.6,13.2,12.0,11.7,16.3,3.4,3.4,3.3,3.0,3.0,5.6,6.7,7.4,5.9,3.0,2.9,3.0,3.1,3.1,3.1,15.2,11.2,3.7,2.7,2.8,1.8,14.9,12.1,3.8,2.5,2.9,2.7,2.2,15.5,10.3,3.6,2.9,2.6,1.1,0.4,0.5,9.0,7.6,8.4,4.9,3.6,2.2,3.1,3.6,4.3,7.6,1.7,3.9,4.5
2019-08-01,3.6,3.7,3.5,3.4,5.3,4.1,2.8,12.3,13.4,11.3,11.9,14.8,3.3,3.4,3.2,3.0,3.2,5.8,6.7,7.4,5.9,2.9,2.9,2.9,3.1,3.1,3.0,12.7,12.3,3.6,2.7,2.8,1.8,14.0,13.2,3.7,2.5,3.0,2.6,2.2,11.4,11.4,3.4,2.9,2.6,1.1,0.4,0.5,9.1,7.4,8.3,5.4,3.6,2.1,3.0,3.5,4.4,7.7,1.7,3.9,4.5
2019-09-01,3.5,3.6,3.4,3.2,5.3,3.9,2.5,12.2,13.3,10.9,11.5,17.9,3.2,3.3,3.1,2.9,2.9,5.2,6.2,7.0,5.4,2.8,2.8,2.8,3.0,3.0,2.9,12.0,12.1,3.5,2.5,2.8,1.8,11.7,14.1,3.8,2.3,2.8,2.5,2.1,12.3,10.0,3.2,2.8,2.7,1.0,0.4,0.5,8.8,6.9,7.9,4.9,3.5,2.0,2.9,3.4,3.8,8.0,1.6,3.7,4.2
2019-10-01,3.6,3.7,3.4,3.2,5.5,4.1,2.9,11.9,13.4,10.5,10.7,19.2,3.3,3.4,3.2,3.0,2.9,5.2,6.3,7.7,4.9,2.9,2.9,3.0,3.0,3.0,3.1,13.7,11.1,3.8,2.7,2.6,1.9,14.6,12.9,3.8,2.4,2.5,2.6,2.2,12.8,9.2,3.8,2.9,2.6,1.0,0.4,0.5,9.3,6.5,7.9,5.6,3.7,2.1,2.8,3.6,3.8,8.4,1.7,3.8,4.3
2019-11-01,3.6,3.6,3.6,3.2,5.5,4.3,2.6,12.0,13.4,10.6,10.9,21.0,3.2,3.2,3.3,3.0,2.9,4.9,6.5,7.3,5.7,2.9,2.8,3.0,3.0,2.9,3.2,12.5,11.8,3.7,2.8,2.5,2.0,14.0,13.2,3.8,2.6,2.2,2.6,2.3,11.1,10.3,3.6,3.0,2.9,1.0,0.3,0.5,9.0,7.1,8.1,5.5,3.6,1.9,3.0,3.5,3.9,8.7,1.7,3.7,4.3
2019-12-01,3.6,3.5,3.6,3.2,6.0,4.2,2.6,12.6,13.3,11.8,12.5,20.1,3.2,3.2,3.3,2.8,2.9,5.8,6.7,7.4,6.0,2.9,2.8,3.0,3.1,3.0,3.1,13.6,12.1,3.7,2.9,2.6,1.7,14.9,12.8,3.7,2.6,2.5,2.4,2.2,12.6,11.3,3.7,3.1,2.6,1.0,0.3,0.5,9.1,7.6,8.4,5.4,3.7,2.0,2.8,3.5,4.0,9.0,1.7,3.7,4.3
2020-01-01,3.6,3.5,3.6,3.1,6.4,4.3,3.0,12.5,13.4,11.7,10.9,24.1,3.2,3.2,3.3,2.8,2.7,5.9,7.0,7.0,7.0,2.9,2.9,2.9,3.0,3.0,3.0,11.5,12.8,3.7,2.8,2.4,1.7,13.7,13.1,3.9,2.7,2.3,2.6,2.1,9.6,12.4,3.6,2.9,2.4,1.1,0.3,0.5,8.8,8.3,8.6,5.7,3.9,1.9,2.9,3.5,4.0,9.1,1.6,3.8,4.4
2020-02-01,3.5,3.5,3.5,3.0,6.1,4.4,2.5,11.3,11.3,11.4,9.4,21.3,3.2,3.3,3.1,2.9,2.7,6.2,6.4,6.7,6.1,2.9,3.0,2.8,3.0,3.1,3.0,10.1,11.7,3.7,2.8,2.4,1.9,11.2,11.3,3.8,2.8,2.4,2.6,2.2,9.2,12.1,3.5,2.8,2.5,1.1,0.3,0.5,8.0,7.7,7.8,5.7,3.7,1.9,3.1,3.5,3.7,9.1,1.6,3.7,4.4
2020-03-01,4.4,4.4,4.4,3.9,7.0,6.1,4.2,14.3,14.3,14.3,12.6,25.2,4.1,4.1,4.0,3.7,3.5,7.1,8.5,8.9,8.0,3.6,3.6,3.6,3.6,3.6,3.7,16.9,12.9,4.2,3.5,3.2,2.3,15.8,13.6,4.3,3.4,3.1,3.4,3.1,17.8,12.1,4.1,3.7,3.2,1.1,0.3,0.4,10.4,9.8,10.1,7.2,4.4,2.5,3.8,4.1,5.9,,2.6,4.8,5.3
2020-04-01,14.8,13.5,16.2,14.2,16.9,18.9,14.5,32.8,28.6,37.5,32.3,31.3,14.2,13.0,15.5,12.3,15.0,16.5,25.5,23.1,27.9,13.0,12.1,14.2,12.8,12.1,13.7,29.9,34.7,14.6,11.6,12.2,9.6,22.8,31.3,14.2,10.5,11.3,13.6,13.1,35.9,39.0,15.1,12.8,13.3,0.9,0.2,0.4,24.7,30.4,27.5,21.2,17.7,8.4,15.5,12.9,24.3,,13.2,15.1,16.0
2020-05-01,13.2,12.1,14.5,12.3,16.8,17.6,15.0,30.5,28.9,32.1,28.5,36.3,12.6,11.5,13.9,10.6,13.0,15.3,23.0,22.1,23.9,11.5,10.5,12.8,11.5,10.6,12.5,31.3,30.0,13.4,10.1,10.7,8.2,30.1,29.5,13.0,9.4,9.1,11.8,11.5,32.4,30.6,14.0,11.0,12.5,1.0,0.3,0.3,24.0,26.2,25.1,19.7,15.9,7.4,13.7,12.0,19.6,8.9,11.5,13.6,14.5
2020-06-01,11.0,10.5,11.6,10.0,15.3,14.5,13.6,22.5,22.8,22.2,22.4,23.7,10.6,10.1,11.2,8.9,10.3,16.2,19.6,18.8,20.4,9.7,9.2,10.2,9.7,9.4,10.1,23.3,22.1,11.6,9.0,8.4,6.8,18.8,25.2,11.7,8.7,7.6,9.5,9.0,27.0,18.9,11.5,9.2,9.4,1.4,0.4,0.4,19.9,20.9,20.4,16.4,12.3,6.8,10.8,10.2,14.8,8.3,8.9,11.4,12.4
2020-07-01,10.2,9.8,10.7,9.2,14.3,12.8,12.0,19.2,21.6,16.8,17.8,21.5,9.9,9.4,10.5,8.3,9.7,14.9,18.0,17.2,18.8,9.0,8.6,9.6,9.1,8.8,9.5,18.0,19.5,11.3,8.0,7.8,6.2,22.7,20.7,11.7,7.7,6.7,8.8,8.7,13.7,18.3,10.9,8.4,9.1,1.4,0.3,0.4,18.4,18.2,18.3,14.9,10.7,6.7,9.6,9.7,12.6,8.2,8.1,10.6,11.3
2020-08-01,8.4,8.2,8.6,7.3,12.8,10.4,10.5,16.5,17.7,15.4,15.0,23.1,8.1,7.9,8.3,6.8,7.3,13.2,13.9,14.1,13.7,7.5,7.3,7.7,7.5,7.3,7.6,14.5,17.6,9.5,6.4,6.3,4.9,14.1,19.7,9.7,6.4,5.7,7.6,6.4,14.8,15.4,9.4,6.6,6.8,1.3,0.3,0.4,15.1,14.2,14.7,12.4,9.9,5.3,7.8,8.2,9.0,8.3,6.4,8.7,9.6
2020-09-01,7.8,7.6,8.1,7.0,12.0,10.2,8.9,16.0,16.9,15.1,15.1,18.8,7.5,7.3,7.8,6.5,6.9,12.7,12.5,12.9,12.2,7.0,6.8,7.3,7.1,7.0,7.3,16.7,15.7,8.6,6.2,6.4,4.8,17.3,16.6,8.6,6.1,6.0,6.8,5.9,16.1,14.7,8.7,6.3,6.8,1.3,0.3,0.5,14.0,13.1,13.5,10.5,9.1,4.8,8.2,7.7,8.3,8.6,5.7,8.2,8.9
2020-10-01,6.9,7.1,6.7,6.0,10.9,8.8,7.5,13.8,15.5,12.1,12.7,23.2,6.6,6.8,6.4,5.9,5.6,11.5,11.0,12.0,9.9,6.1,6.2,6.1,6.4,6.5,6.3,13.7,13.7,7.4,5.8,5.9,4.1,15.9,14.8,7.8,5.8,6.0,5.5,4.7,11.7,12.5,6.9,5.9,5.9,1.2,0.3,0.5,12.9,10.6,11.8,9.8,8.2,4.2,6.6,6.9,6.7,9.0,4.8,7.2,8.0
2020-11-01,6.7,6.9,6.4,6.0,10.3,8.5,6.7,13.8,15.2,12.4,13.1,16.8,6.4,6.6,6.1,5.9,5.4,11.1,10.7,11.9,9.4,6.0,6.1,5.8,6.1,6.3,5.8,14.4,13.4,7.0,5.6,5.4,4.0,13.2,15.7,7.6,5.6,5.4,5.8,4.5,15.4,10.9,6.4,5.6,5.5,1.2,0.3,0.4,12.9,10.3,11.6,9.4,7.7,4.2,6.4,6.8,6.0,9.3,4.7,7.0,7.8
2020-12-01,6.7,6.7,6.7,6.1,10.0,9.3,6.0,15.8,15.5,16.2,14.4,24.2,6.3,6.4,6.3,5.9,5.7,10.4,11.3,12.2,10.2,5.9,5.9,5.9,5.8,5.9,5.8,13.9,17.0,6.6,5.5,5.3,4.1,14.5,15.8,6.7,5.7,5.1,6.0,4.7,13.3,18.2,6.6,5.2,5.6,1.4,0.3,0.5,13.1,12.0,12.6,9.9,7.9,3.9,6.4,6.7,7.1,9.3,4.5,7.1,7.9
2021-01-01,6.4,6.4,6.4,5.8,9.4,8.5,6.6,15.1,15.4,14.8,14.9,17.7,6.1,6.1,6.0,5.6,5.2,9.3,9.9,10.0,9.9,5.6,5.6,5.6,5.8,5.8,5.8,15.5,14.5,6.7,5.5,4.9,4.0,13.2,16.2,6.9,5.5,4.7,5.3,4.4,17.7,12.7,6.6,5.6,5.1,1.3,0.4,0.4,11.5,11.3,11.4,9.1,7.0,4.0,6.1,6.4,6.4,9.0,4.4,6.8,7.5
2021-02-01,6.2,6.4,6.1,5.6,10.0,8.5,5.1,13.9,16.5,11.3,13.1,18.8,6.0,6.0,5.9,5.4,5.1,10.2,9.6,10.1,9.1,5.6,5.6,5.5,5.6,5.6,5.7,14.6,13.4,6.4,5.6,4.9,3.9,15.3,17.3,6.6,5.4,4.5,5.4,4.3,13.8,9.5,6.0,5.8,5.2,1.3,0.4,0.4,11.9,9.7,10.8,10.2,7.2,3.8,5.7,6.3,6.1,8.5,4.1,6.6,7.4
2021-03-01,6.1,6.2,5.9,5.4,9.8,8.0,6.0,12.9,15.3,10.6,11.8,17.1,5.8,5.9,5.7,5.2,5.0,9.9,10.3,11.1,9.5,5.3,5.3,5.3,5.5,5.5,5.5,12.3,13.3,6.7,5.1,4.5,3.3,12.9,16.4,6.7,5.1,4.6,4.7,3.9,11.7,10.1,6.8,5.2,4.4,1.4,0.3,0.5,12.3,9.8,11.1,8.5,6.7,3.7,5.9,6.1,5.7,8.2,3.9,6.4,7.2
2021-04-01,6.1,6.2,5.9,5.3,10.3,7.9,5.8,12.1,12.5,11.7,10.6,20.2,5.8,6.0,5.7,5.3,4.8,10.7,10.7,11.9,9.4,5.3,5.5,5.2,5.5,5.6,5.4,11.0,13.0,6.5,5.0,4.8,3.8,10.6,13.8,6.7,4.7,5.2,5.0,3.8,11.4,12.3,6.2,5.3,4.4,1.3,0.3,0.5,12.1,10.1,11.1,9.4,7.1,3.5,5.9,6.2,5.7,8.1,3.9,6.4,7.1
2021-05-01,5.8,6.0,5.5,5.0,9.1,7.3,5.7,9.7,10.4,9.0,9.0,14.2,5.6,5.8,5.3,5.0,4.7,9.8,10.2,11.1,9.2,5.1,5.3,4.9,5.2,5.5,4.9,9.1,10.2,5.8,5.0,4.7,3.4,8.8,11.3,6.3,5.3,5.0,4.8,3.6,9.3,9.0,5.4,4.7,4.5,1.4,0.3,0.5,10.9,9.1,10.0,9.1,6.9,3.1,5.9,5.9,5.1,8.1,3.6,6.1,6.9
2021-06-01,5.9,6.0,5.7,5.3,9.1,7.3,5.5,11.2,11.3,11.1,10.1,10.7,5.7,5.8,5.5,5.1,5.0,10.0,9.1,10.3,7.9,5.4,5.5,5.3,5.5,5.7,5.4,11.4,10.3,6.5,5.3,4.7,3.7,12.3,8.9,7.1,5.1,4.7,4.9,3.7,10.6,11.7,5.8,5.6,4.7,1.4,0.3,0.6,10.6,8.8,9.7,10.3,7.0,3.4,5.8,6.0,5.4,8.3,3.5,6.2,6.9
2021-07-01,5.4,5.6,5.2,4.8,8.0,6.4,5.2,10.4,11.5,9.3,8.8,12.6,5.2,5.4,5.0,4.8,4.5,8.4,9.1,10.4,7.7,4.8,4.8,4.7,4.9,5.0,4.8,11.4,9.5,6.1,4.6,3.9,3.4,12.4,10.2,6.3,4.5,4.1,4.4,3.3,10.5,8.8,5.9,4.7,3.6,1.4,0.3,0.6,10.7,8.2,9.5,9.3,6.1,3.1,5.0,5.5,5.0,8.4,3.1,5.7,6.5
2021-08-01,5.1,5.3,5.0,4.5,8.6,6.0,4.4,11.1,12.0,10.2,9.5,17.3,4.9,5.0,4.7,4.3,4.2,9.0,8.9,9.0,8.8,4.5,4.6,4.3,4.7,4.8,4.5,11.4,11.2,5.6,4.3,4.0,3.1,10.6,13.0,5.8,4.4,4.2,3.9,2.8,12.1,9.1,5.3,4.2,3.9,1.5,0.3,0.5,9.9,9.2,9.6,7.6,6.0,2.8,5.0,5.1,5.1,8.3,2.8,5.3,6.0
2021-09-01,4.7,4.9,4.5,4.2,7.7,6.2,4.1,11.2,12.3,10.1,10.7,14.2,4.5,4.6,4.3,4.1,3.7,7.8,7.7,8.9,6.4,4.1,4.2,4.0,4.4,4.5,4.2,10.5,11.6,5.2,3.9,3.9,2.8,11.1,13.2,5.5,4.1,3.7,3.5,2.8,10.0,10.0,4.8,3.7,4.1,1.4,0.3,0.5,9.9,7.5,8.7,7.5,5.7,2.5,4.5,4.8,4.2,7.9,2.5,5.0,5.7
2021-10-01,4.5,4.5,4.5,3.9,7.6,5.6,4.1,11.3,11.5,11.0,10.0,15.7,4.2,4.3,4.2,3.6,3.8,8.2,7.1,8.0,6.2,3.9,3.8,4.0,4.1,4.0,4.2,9.5,12.3,4.7,3.8,3.7,2.4,9.6,13.0,4.9,3.7,3.2,3.5,2.9,9.4,11.6,4.4,3.9,4.3,1.3,0.3,0.5,9.0,7.6,8.3,7.1,5.3,2.4,4.3,4.5,4.6,7.5,2.3,4.8,5.5
2021-11-01,4.1,4.1,4.2,3.7,6.3,5.0,3.8,10.8,10.2,11.4,8.8,22.0,3.9,3.9,3.9,3.3,3.6,6.9,7.3,7.9,6.7,3.5,3.5,3.6,3.7,3.7,3.6,10.1,11.4,4.1,3.8,3.0,2.2,10.6,10.5,4.3,3.9,2.9,3.2,2.7,9.6,12.3,3.9,3.8,3.1,1.3,0.3,0.5,8.6,8.1,8.3,5.6,5.0,2.3,3.7,4.2,4.0,7.0,2.1,4.4,5.1
2021-12-01,3.9,4.0,3.9,3.3,7.0,4.7,3.8,11.0,11.6,10.3,8.6,21.4,3.7,3.7,3.6,3.1,3.1,7.0,7.2,7.8,6.5,3.3,3.3,3.3,3.5,3.5,3.4,10.7,11.4,4.2,3.3,2.8,1.9,10.6,12.7,4.4,3.3,2.5,2.9,2.4,10.7,10.1,4.0,3.2,3.0,1.3,0.3,0.4,8.9,7.6,8.2,5.4,4.6,2.1,3.5,3.9,4.3,6.7,1.9,4.2,4.9
2022-01-01,4.0,4.0,4.0,3.4,7.0,4.7,3.6,11.2,11.5,11.0,9.3,21.8,3.7,3.8,3.7,3.3,3.1,7.0,7.3,8.5,6.0,3.4,3.4,3.4,3.5,3.5,3.5,11.3,10.9,4.3,3.5,2.6,2.0,13.1,10.4,4.4,3.5,2.4,3.1,2.5,9.6,11.5,4.2,3.5,2.8,1.2,0.3,0.6,9.4,7.5,8.5,6.4,4.5,2.3,3.5,3.9,4.5,6.5,2.0,4.2,4.9
2022-02-01,3.9,3.8,3.9,3.3,6.7,4.4,3.0,10.2,11.0,9.4,9.5,17.4,3.6,3.6,3.7,3.1,3.1,6.5,7.4,7.6,7.2,3.2,3.2,3.3,3.3,3.2,3.4,10.2,10.1,4.1,3.3,2.4,1.9,8.9,12.4,3.9,3.3,2.3,3.0,2.4,11.6,7.5,4.2,3.3,2.6,1.2,0.3,0.6,8.6,7.8,8.2,4.4,4.5,2.1,3.7,3.8,4.1,6.3,1.8,4.1,4.7
2022-03-01,3.7,3.7,3.6,3.2,6.3,4.2,2.8,10.2,10.1,10.2,8.8,22.9,3.4,3.5,3.4,3.1,2.8,5.7,7.6,8.9,6.3,2.9,2.9,3.0,3.0,2.9,3.1,8.9,11.1,4.0,2.8,2.2,1.8,9.1,10.8,4.0,2.8,1.9,2.6,2.2,8.8,11.4,4.0,2.8,2.5,1.2,0.3,0.5,9.3,7.5,8.4,5.5,4.0,1.9,3.1,3.5,4.2,6.1,1.7,3.9,4.5
2022-04-01,3.7,3.8,3.5,3.2,6.1,4.2,3.2,10.7,11.1,10.2,10.1,15.3,3.4,3.5,3.3,3.1,2.8,6.4,7.2,8.5,5.8,3.0,3.0,3.0,3.1,3.1,3.0,9.0,12.3,4.0,2.9,2.1,1.9,10.2,12.1,4.3,2.8,2.0,2.8,2.2,7.8,12.4,3.7,3.0,2.3,1.1,0.3,0.5,9.2,7.2,8.2,5.4,3.9,2.0,3.1,3.5,4.4,6.0,1.8,3.9,4.6
2022-05-01,3.6,3.6,3.7,3.2,6.2,4.4,2.5,10.5,10.6,10.3,9.0,19.3,3.4,3.4,3.4,3.1,2.9,5.7,6.7,7.0,6.4,3.0,2.9,3.0,3.1,3.1,3.2,10.4,10.7,4.0,2.9,2.3,2.0,9.2,11.4,4.1,2.8,2.2,2.7,2.3,11.5,9.8,3.9,3.0,2.5,1.2,0.3,0.5,8.1,7.6,7.8,5.2,3.7,1.9,3.4,3.5,4.3,5.9,1.6,3.9,4.5
2022-06-01,3.6,3.7,3.6,3.3,5.8,4.4,2.9,11.0,11.3,10.8,10.5,16.7,3.3,3.4,3.3,3.1,2.9,5.3,6.9,7.7,6.0,3.0,2.9,3.1,3.1,3.0,3.2,11.3,10.2,3.5,3.2,2.4,2.1,11.5,9.7,3.6,2.9,2.3,2.8,2.3,11.2,10.7,3.4,3.5,2.6,1.2,0.3,0.5,8.7,7.4,8.1,5.7,3.7,2.1,3.1,3.6,3.9,5.8,1.6,3.9,4.5
2022-07-01,3.5,3.6,3.4,3.1,5.9,4.0,2.6,11.3,11.3,11.2,9.9,19.6,3.2,3.3,3.1,3.0,2.6,5.6,6.4,7.4,5.3,2.8,2.8,2.9,3.0,2.9,3.0,10.4,11.8,3.6,2.7,2.4,1.9,8.8,12.6,3.5,2.8,2.4,2.5,2.1,11.7,11.0,3.8,2.6,2.5,1.1,0.3,0.5,8.6,7.1,7.8,5.8,3.5,2.0,2.9,3.4,4.2,5.8,1.6,3.8,4.4
2022-08-01,3.6,3.7,3.5,3.1,6.3,4.4,2.7,10.2,11.1,9.3,9.1,17.9,3.3,3.4,3.2,3.0,2.8,6.0,6.8,7.8,5.7,3.0,3.0,3.0,3.1,3.1,3.1,9.6,10.7,3.8,2.9,2.7,2.0,11.3,11.2,3.7,2.9,2.6,2.7,2.1,8.1,10.2,3.9,2.8,2.7,1.1,0.3,0.5,8.8,6.8,7.8,6.0,4.4,1.9,3.0,3.6,3.9,5.8,1.7,3.8,4.4
2022-09-01,3.5,3.6,3.4,3.0,5.8,3.9,2.4,11.4,11.1,11.6,10.9,11.5,3.2,3.3,3.1,2.8,2.6,5.8,6.9,7.8,5.9,2.8,2.8,2.7,2.9,3.0,2.9,12.3,10.9,3.6,3.0,2.1,1.8,13.1,10.2,3.5,2.9,2.3,2.4,1.9,11.7,11.5,3.6,3.1,1.9,1.1,0.3,0.5,8.7,7.7,8.2,5.5,3.7,1.8,2.9,3.4,3.6,5.9,1.5,3.8,4.4
2022-10-01,3.6,3.6,3.6,3.2,5.8,4.2,2.9,10.7,11.9,9.4,9.3,16.0,3.3,3.3,3.4,3.0,3.0,5.2,6.8,6.9,6.6,3.0,2.9,3.1,3.2,3.1,3.3,9.3,11.5,3.9,2.9,2.8,1.9,11.7,12.5,3.9,2.6,2.9,2.4,2.1,7.1,10.5,3.9,3.1,2.7,1.1,0.3,0.5,8.4,7.5,7.9,6.2,4.0,1.9,3.0,3.6,3.8,6.0,1.6,3.8,4.5
2022-11-01,3.6,3.6,3.6,3.2,5.6,4.0,2.6,11.2,12.4,9.9,9.7,16.6,3.3,3.3,3.3,3.0,2.9,5.2,6.8,7.6,6.0,2.9,2.9,3.0,3.1,3.0,3.3,11.3,11.1,4.0,2.6,2.7,1.9,15.3,10.9,4.0,2.4,2.6,2.4,2.0,7.3,11.3,4.0,2.9,2.7,1.1,0.3,0.5,9.0,7.2,8.1,4.3,3.9,2.0,3.2,3.5,4.3,6.0,1.7,3.8,4.5
2022-12-01,3.5,3.5,3.5,3.1,5.8,4.2,2.5,10.4,10.2,10.7,9.2,17.8,3.2,3.2,3.2,2.8,2.8,5.2,7.4,7.4,7.3,2.8,2.8,2.8,2.9,2.8,2.9,8.3,12.3,3.8,2.4,2.3,1.8,9.3,11.4,3.9,2.3,2.1,2.6,2.0,7.4,13.2,3.7,2.5,2.5,1.1,0.3,0.5,8.2,8.3,8.3,5.1,3.6,1.9,2.9,3.4,4.0,6.0,1.6,3.7,4.2
2023-01-01,3.5,3.6,3.3,3.1,5.4,4.6,2.9,10.6,12.1,9.0,9.7,17.2,3.2,3.3,3.1,2.9,2.8,5.3,7.1,7.8,6.4,2.8,2.9,2.7,3.0,3.1,2.9,11.0,10.2,3.9,2.6,2.3,1.8,15.1,10.3,4.3,2.5,2.2,2.3,1.9,7.2,10.0,3.5,2.7,2.4,1.1,0.3,0.5,9.0,7.2,8.1,4.6,3.7,2.1,2.9,3.4,3.9,6.0,1.6,3.7,4.3
2023-02-01,3.6,3.7,3.5,3.2,5.8,5.5,3.4,11.1,12.5,9.8,9.8,20.7,3.3,3.3,3.3,3.0,2.9,5.1,6.8,7.7,5.9,2.9,2.9,3.0,3.0,3.1,3.0,9.0,12.1,3.8,2.6,2.6,1.9,11.3,13.1,3.9,2.8,2.5,2.6,2.1,6.8,11.1,3.8,2.4,2.8,1.1,0.3,0.5,9.1,7.0,8.1,5.8,3.6,2.0,3.3,3.5,4.0,6.0,1.7,3.8,4.4
2023-03-01,3.5,3.6,3.4,3.3,5.1,4.7,2.9,9.8,10.3,9.3,8.6,14.1,3.3,3.4,3.1,3.1,3.0,5.2,6.6,7.1,6.1,2.9,3.0,2.8,3.0,3.0,2.9,9.2,10.3,3.8,2.6,2.4,1.9,9.7,10.7,4.1,2.8,2.1,2.7,2.0,8.6,10.0,3.5,2.3,2.7,1.0,0.3,0.5,8.0,7.0,7.5,5.0,4.1,2.0,2.9,3.5,3.9,6.0,1.8,3.7,4.3
2023-04-01,3.4,3.5,3.4,3.1,4.8,4.4,2.9,9.4,9.3,9.5,8.9,12.6,3.2,3.3,3.1,2.9,2.8,4.7,5.5,6.1,4.8,2.9,2.9,2.9,3.1,3.2,3.0,9.6,9.7,3.9,3.0,2.4,1.7,8.8,10.1,4.1,2.9,2.4,2.4,2.0,10.4,9.3,3.6,3.0,2.4,1.1,0.3,0.5,7.0,6.2,6.6,5.4,4.0,2.0,2.8,3.4,3.6,6.1,1.6,3.7,4.3
2023-05-01,3.6,3.7,3.6,3.3,5.7,4.1,3.0,10.3,10.3,10.3,9.1,12.2,3.4,3.4,3.3,3.1,2.9,5.7,6.2,7.1,5.4,3.1,3.0,3.1,3.2,3.1,3.3,9.7,10.8,4.0,2.9,2.6,2.0,8.0,11.5,3.8,2.7,2.7,2.8,2.3,11.2,9.9,4.1,3.1,2.6,1.1,0.3,0.5,8.0,6.8,7.4,5.8,3.9,2.1,3.2,3.6,4.0,6.2,1.8,3.9,4.5
2023-06-01,3.6,3.7,3.4,3.1,6.0,4.3,3.1,11.2,12.9,9.7,9.8,15.7,3.3,3.4,3.2,3.0,2.6,5.9,6.1,6.8,5.3,3.0,3.0,2.9,3.1,3.0,3.2,11.4,10.4,4.0,2.9,2.4,1.8,14.4,10.4,4.1,2.5,2.5,2.6,2.2,8.9,10.5,3.9,3.5,2.3,1.1,0.3,0.5,8.5,6.6,7.6,6.1,3.9,1.9,3.1,3.5,4.0,6.1,1.7,3.8,4.4
2023-07-01,3.5,3.7,3.4,3.1,5.7,4.4,2.3,11.3,13.3,9.6,9.3,20.6,3.2,3.4,3.1,3.0,2.7,5.2,6.8,7.3,6.2,2.8,2.8,2.7,3.0,3.1,2.9,11.4,11.1,3.6,3.0,2.3,1.8,13.4,12.7,3.8,2.8,2.7,2.3,2.0,9.7,9.7,3.3,3.2,1.9,1.1,0.3,0.5,8.9,7.2,8.1,5.3,3.3,2.0,3.2,3.4,4.1,6.0,1.6,3.7,4.4
2023-08-01,3.7,4.0,3.5,3.4,5.3,4.8,3.1,12.3,14.0,10.6,11.0,17.0,3.4,3.6,3.2,3.3,2.9,5.0,7.0,8.3,5.7,3.0,3.1,2.9,3.1,3.2,3.0,11.8,12.7,3.9,2.9,2.5,2.0,11.7,15.7,3.9,2.9,2.8,2.7,2.1,11.9,9.8,3.9,2.9,2.2,1.1,0.3,0.5,9.9,7.2,8.6,5.2,3.9,2.2,3.1,3.6,4.4,5.8,1.8,4.0,4.6
2023-09-01,3.7,4.1,3.4,3.4,5.7,4.6,2.7,11.7,12.6,10.8,9.8,23.5,3.4,3.7,3.1,3.4,2.8,5.7,7.1,8.5,5.6,3.0,3.3,2.8,3.2,3.6,2.8,13.0,11.1,4.0,2.8,2.8,2.0,15.5,11.3,4.5,3.0,3.2,2.6,2.1,10.3,10.9,3.4,2.5,2.4,1.2,0.3,0.5,9.7,7.1,8.4,5.3,4.1,2.2,3.0,3.6,4.3,5.7,1.7,4.0,4.6
2023-10-01,3.9,4.1,3.6,3.5,5.8,4.8,3.0,13.2,14.9,11.5,12.1,18.6,3.5,3.7,3.2,3.3,2.8,5.3,6.9,7.7,6.2,3.1,3.3,2.9,3.2,3.5,3.0,14.6,12.5,4.2,2.9,2.4,2.0,16.6,14.5,4.7,3.0,2.6,2.7,2.1,12.6,10.4,3.7,2.9,2.3,1.1,0.4,0.5,9.8,7.8,8.8,5.7,4.1,2.1,3.1,3.7,4.6,5.6,1.8,4.1,4.7
2023-11-01,3.7,4.0,3.4,3.3,5.7,4.5,3.5,11.3,11.9,10.6,11.4,11.5,3.4,3.7,3.1,3.2,2.7,6.3,6.6,7.1,6.2,3.1,3.3,2.7,3.1,3.4,2.8,11.3,11.3,3.9,2.8,2.6,2.0,13.1,11.6,4.2,3.2,2.7,2.9,2.0,9.6,10.9,3.5,2.5,2.5,1.0,0.3,0.5,8.5,7.4,8.0,6.3,4.0,2.1,2.8,3.7,3.9,5.6,1.8,3.9,4.6
2023-12-01,3.8,3.9,3.6,3.5,5.2,5.0,3.1,11.8,12.4,11.2,11.1,18.2,3.5,3.6,3.3,3.4,3.0,4.7,6.4,6.4,6.4,3.2,3.3,3.0,3.3,3.5,3.0,13.1,11.3,4.2,3.0,2.7,2.1,15.2,11.3,4.4,3.2,2.8,2.8,2.2,11.1,11.3,3.9,2.7,2.5,1.1,0.4,0.5,8.2,7.8,8.0,6.1,4.2,2.1,3.1,3.8,3.8,5.7,1.8,4.0,4.7
2024-01-01,3.7,4.0,3.4,3.4,5.3,5.0,2.9,10.7,13.5,8.1,10.4,12.0,3.4,3.6,3.2,3.4,2.9,5.3,6.0,7.0,4.9,3.2,3.3,3.0,3.3,3.4,3.1,10.2,10.9,4.0,3.0,2.8,2.2,15.7,12.1,4.0,3.3,2.7,2.9,2.1,4.9,9.8,3.9,2.7,2.8,1.1,0.3,0.5,8.9,5.9,7.4,6.1,4.3,2.2,3.2,3.6,4.2,5.8,1.8,3.9,4.6
2024-02-01,3.9,3.9,3.9,3.4,5.7,5.1,3.5,12.6,12.5,12.8,10.8,15.4,3.5,3.5,3.5,3.1,3.2,6.2,7.2,7.8,6.5,3.2,3.2,3.2,3.3,3.3,3.3,12.4,12.5,4.3,2.9,2.6,1.9,11.4,13.0,4.2,3.0,2.6,2.8,2.0,13.2,12.0,4.3,2.8,2.6,1.2,0.4,0.4,9.2,8.3,8.8,6.2,4.2,2.3,3.2,3.9,3.9,5.9,1.9,4.1,4.7
2024-03-01,3.9,3.8,3.9,3.4,6.5,4.5,2.6,12.5,13.7,11.3,11.0,20.0,3.5,3.5,3.6,3.0,3.2,6.2,7.2,7.2,7.2,3.1,3.0,3.2,3.2,3.1,3.4,14.1,11.7,4.1,2.7,2.9,1.8,14.1,13.4,4.1,2.2,3.0,2.6,2.3,14.1,9.7,4.1,3.2,2.8,1.2,0.4,0.5,9.2,8.4,8.8,5.0,4.2,2.1,3.4,3.7,4.5,5.9,1.8,4.1,4.8
2024-04-01,3.9,3.9,3.8,3.5,5.6,4.8,2.9,11.8,13.1,10.5,10.2,18.0,3.5,3.6,3.5,3.3,3.1,5.3,6.7,6.6,6.8,3.2,3.3,3.1,3.2,3.3,3.2,12.6,11.5,3.9,3.0,2.8,2.1,13.7,12.6,4.0,3.0,2.9,3.0,2.4,11.6,10.2,3.7,2.9,2.8,1.2,0.3,0.5,8.5,7.9,8.2,6.0,4.1,2.2,3.3,3.8,4.3,5.9,1.9,4.1,4.8
2024-05-01,3.9,4.2,3.7,3.5,6.2,5.0,3.1,12.3,14.4,10.2,10.8,14.4,3.6,3.8,3.4,3.3,3.0,6.5,7.9,8.4,7.3,3.2,3.3,3.0,3.3,3.5,3.1,13.6,11.6,4.1,3.3,2.5,1.9,16.4,13.1,4.4,3.4,2.7,2.7,2.1,11.1,10.0,3.8,3.1,2.3,1.2,0.4,0.4,10.2,8.2,9.3,6.0,4.3,2.1,3.1,3.9,4.1,5.8,1.9,4.2,4.8
2024-06-01,4.1,4.1,4.0,3.5,6.3,5.0,4.1,12.2,13.1,11.3,10.8,17.4,3.8,3.8,3.7,3.3,3.2,6.0,7.5,8.0,7.0,3.4,3.3,3.4,3.5,3.5,3.6,12.7,11.6,4.5,3.3,2.7,1.9,12.4,12.9,4.3,3.3,2.8,2.8,2.3,12.9,10.2,4.7,3.4,2.6,1.3,0.4,0.4,9.5,8.3,8.9,6.0,4.2,2.4,3.5,4.0,4.2,5.7,1.9,4.3,4.9
2024-07-01,4.2,4.3,4.1,3.8,6.2,5.3,3.6,12.5,13.2,11.7,11.8,13.1,3.9,4.0,3.8,3.5,3.5,6.6,7.7,8.1,7.4,3.5,3.6,3.4,3.6,3.7,3.6,11.5,13.3,4.8,3.1,2.9,2.1,10.5,15.1,4.7,3.3,2.9,3.1,2.4,12.4,11.3,4.9,2.9,2.9,1.3,0.4,0.5,9.6,8.7,9.1,6.8,4.6,2.3,3.6,4.1,4.7,5.6,2.1,4.5,5.1
2024-08-01,4.2,4.3,4.1,3.8,6.1,5.4,4.1,14.3,15.6,13.0,12.6,18.0,3.8,3.9,3.7,3.5,3.4,5.9,7.8,8.3,7.2,3.4,3.5,3.3,3.6,3.5,3.6,15.1,13.9,4.5,3.4,2.7,2.1,17.3,15.0,4.5,3.2,2.8,3.0,2.4,13.0,12.9,4.5,3.6,2.6,1.3,0.4,0.5,10.4,9.0,9.7,7.0,4.0,2.5,3.5,4.1,4.6,5.5,2.0,4.4,5.0
2024-09-01,4.1,4.2,3.9,3.6,5.7,5.1,4.0,14.3,15.8,12.8,13.2,18.7,3.6,3.8,3.5,3.4,3.1,5.2,7.0,7.4,6.5,3.3,3.3,3.2,3.4,3.5,3.4,14.8,14.3,4.1,3.4,2.7,2.1,17.2,15.5,4.2,3.4,2.8,2.8,2.4,12.5,13.0,4.0,3.4,2.6,1.2,0.4,0.5,9.9,8.4,9.2,6.7,4.0,2.3,3.4,4.0,4.2,5.4,1.9,4.3,5.0
2024-10-01,4.1,4.2,4.0,3.8,5.7,5.1,3.9,13.8,14.1,13.5,13.3,17.1,3.8,3.9,3.6,3.5,3.3,5.7,7.8,9.1,6.3,3.4,3.4,3.4,3.5,3.4,3.7,11.8,14.7,4.1,3.6,2.8,2.3,12.1,15.5,4.2,3.2,2.8,2.9,2.6,11.5,13.8,4.0,4.0,2.9,1.3,0.4,0.5,10.5,8.4,9.5,6.5,4.0,2.5,3.4,4.1,4.3,5.4,2.0,4.3,5.0
2024-11-01,4.2,4.3,4.1,3.8,6.3,5.3,3.8,13.0,15.2,10.9,12.4,17.4,3.9,3.9,3.8,3.5,3.4,5.9,7.9,9.0,6.6,3.5,3.4,3.5,3.6,3.6,3.7,14.3,12.2,4.4,3.6,2.8,2.1,18.8,13.5,4.5,3.3,2.8,3.0,2.6,10.1,10.9,4.3,4.0,2.8,1.3,0.4,0.5,10.8,7.9,9.4,5.9,4.5,2.4,3.6,4.1,4.7,5.4,2.0,4.4,5.1
2024-12-01,4.1,4.2,4.1,3.6,6.1,5.1,3.5,12.3,13.8,10.8,10.9,20.8,3.8,3.8,3.8,3.3,3.4,5.7,7.5,8.2,6.7,3.4,3.3,3.5,3.5,3.4,3.6,13.3,11.8,4.5,3.4,2.5,2.2,13.8,13.9,4.5,3.1,2.3,3.1,2.5,12.9,9.5,4.4,3.7,2.7,1.2,0.4,0.6,9.9,8.0,9.0,5.7,4.4,2.5,3.4,4.0,4.4,5.4,1.9,4.4,5.0
2025-01-01,4.0,4.1,4.0,3.5,6.2,4.8,3.7,11.8,12.0,11.6,12.0,9.8,3.7,3.8,3.6,3.1,3.3,6.8,8.0,9.2,6.7,3.3,3.3,3.3,3.4,3.4,3.4,13.5,10.8,4.2,3.1,2.6,2.0,12.2,11.6,4.3,2.9,2.7,3.0,2.3,14.6,9.8,4.1,3.3,2.5,1.2,0.4,0.5,10.0,8.1,9.1,5.2,4.4,2.3,3.5,4.0,4.2,5.4,1.9,4.4,4.9
2025-02-01,4.2,4.2,4.1,3.8,6.0,5.2,3.2,13.0,14.2,11.7,11.0,19.5,3.8,3.8,3.8,3.5,3.4,5.6,8.3,9.7,6.8,3.4,3.3,3.5,3.5,3.4,3.6,16.0,11.2,4.4,3.3,2.8,2.2,17.9,12.4,4.3,3.1,2.9,2.9,2.5,14.2,9.9,4.6,3.5,2.6,1.3,0.4,0.5,11.1,8.2,9.7,6.0,4.3,2.5,3.5,4.1,4.4,5.4,2.0,4.4,5.1
2025-03-01,4.2,4.3,4.1,3.7,6.2,5.1,3.5,13.8,14.3,13.2,12.8,20.9,3.8,3.9,3.7,3.4,3.3,6.1,7.6,8.4,6.6,3.3,3.3,3.3,3.5,3.5,3.5,15.4,12.9,4.0,3.2,3.2,2.1,14.3,14.1,4.4,3.0,3.1,2.9,2.5,16.5,11.6,3.6,3.5,3.3,1.3,0.4,0.5,10.2,8.6,9.4,5.8,4.2,2.6,3.5,4.1,4.5,5.5,1.9,4.5,5.1
2025-04-01,4.2,4.4,4.0,3.8,6.4,5.2,3.1,13.0,15.0,10.8,11.6,20.2,3.8,3.9,3.7,3.7,3.3,5.6,8.2,9.6,6.8,3.4,3.4,3.3,3.5,3.5,3.5,14.5,12.1,4.2,3.2,3.0,2.3,14.0,15.1,4.3,3.1,3.0,3.1,2.3,15.0,8.9,4.1,3.2,3.1,1.3,0.4,0.5,11.2,8.0,9.6,6.2,4.0,2.5,3.6,4.2,4.2,5.5,2.0,4.4,5.1
2025-05-01,4.3,4.3,4.2,3.8,6.1,5.1,3.6,13.4,15.8,10.9,13.3,14.8,3.9,3.9,3.9,3.6,3.3,5.2,8.2,8.8,7.6,3.4,3.4,3.5,3.6,3.5,3.6,14.6,12.8,4.1,3.3,3.2,2.3,17.6,14.5,4.2,3.0,3.2,3.0,2.6,11.5,11.1,4.0,3.6,3.3,1.3,0.4,0.4,10.9,8.6,9.7,5.6,4.4,2.6,3.3,4.2,4.4,5.5,2.0,4.5,5.1
2025-06-01,4.1,4.3,3.9,3.6,6.9,4.8,3.6,14.5,15.8,13.1,12.6,19.6,3.7,3.9,3.6,3.4,3.1,6.9,8.2,9.0,7.2,3.3,3.3,3.2,3.3,3.4,3.3,14.0,15.1,3.8,3.3,2.9,2.2,14.2,17.1,4.0,3.0,3.1,3.0,2.5,13.9,12.8,3.6,3.5,2.7,1.3,0.4,0.5,11.0,8.9,10.0,5.8,4.0,2.5,3.2,4.0,4.7,5.5,1.9,4.5,5.1
2025-07-01,4.3,4.4,4.1,3.7,7.2,5.0,3.9,15.2,16.3,14.1,14.1,21.8,3.9,4.0,3.7,3.5,3.1,7.0,7.9,8.4,7.4,3.4,3.5,3.3,3.6,3.7,3.5,14.9,15.7,4.3,3.4,2.9,2.1,18.1,15.3,4.6,3.4,3.0,2.9,2.6,11.7,16.1,4.0,3.5,2.9,1.3,0.6,0.5,10.7,9.3,10.0,5.6,4.4,2.7,3.0,4.3,4.3,5.5,2.0,4.5,5.2
2025-08-01,4.3,4.4,4.3,3.7,7.6,5.3,3.6,13.9,13.2,14.6,11.9,24.9,4.0,4.1,3.9,3.6,3.2,7.1,9.2,9.9,8.5,3.4,3.5,3.4,3.6,3.7,3.5,15.4,13.1,4.4,3.4,2.9,2.4,17.5,11.3,4.5,3.4,3.0,2.9,2.5,13.7,15.1,4.3,3.4,2.8,1.3,0.5,0.5,10.8,10.3,10.6,6.7,4.3,2.7,3.2,4.3,4.8,5.6,2.0,4.6,5.3
2025-09-01,4.4,4.4,4.4,3.7,7.6,5.5,4.3,13.3,15.2,11.3,11.2,18.9,4.1,4.1,4.1,3.5,3.4,6.7,9.2,9.4,9.0,3.5,3.5,3.6,3.7,3.5,3.8,14.8,12.6,4.8,3.3,2.8,2.3,16.7,14.8,4.9,2.8,2.9,3.2,2.3,13.1,10.3,4.6,3.8,2.8,1.4,0.5,0.5,11.0,9.7,10.4,6.8,4.2,2.8,3.4,4.4,4.5,5.7,2.1,4.7,5.4
2025-10-01,,,,,,,,,,,,,,,,,,,,,,,,,,,,,,,,,,,,,,,,,,,,,,,,,,,,,,,,,,5.7,,,
2025-11-01,4.5,4.5,4.5,3.9,8.2,5.0,3.6,16.3,17.3,15.4,13.5,29.8,4.1,4.1,4.1,3.6,3.4,7.5,8.3,9.1,7.4,3.7,3.7,3.7,3.9,3.8,4.0,17.2,15.6,4.9,3.4,3.2,2.4,18.0,17.1,4.7,3.4,3.3,3.1,2.7,16.4,14.2,5.2,3.4,3.2,1.5,0.5,0.5,11.4,9.8,10.6,6.8,4.4,2.9,3.5,4.5,4.8,5.7,2.1,4.9,5.5
2025-12-01,4.4,4.4,4.4,3.8,7.5,4.9,3.6,15.7,16.8,14.6,14.6,18.3,3.9,3.9,3.9,3.4,3.2,6.9,8.2,9.4,6.9,3.5,3.4,3.6,3.7,3.5,3.9,18.0,14.4,4.3,3.5,3.1,2.1,19.2,15.5,3.9,3.3,3.1,3.0,2.6,16.8,13.3,4.6,3.7,3.1,1.4,0.5,0.5,11.5,9.3,10.4,5.6,4.0,2.8,3.8,4.3,4.6,,2.0,4.6,5.3
